EmployeeID,Age,Gender,Department,JobLevel,YearsAtCompany,TotalExperience,Salary,TrainingHours,ProjectsCompleted,OvertimeHours,JobSatisfaction,WorkLifeBalance,ManagerRating,Absences,PromotionsLast5Yr,LastReviewScore,DistanceFromOffice,PerformanceScore,PerformanceLabel
EMP0001,50,Male,HR,Junior,2,6,32603,80.0,23,19,4.0,5,3.0,14.0,3,8.6,96,3,High
EMP0002,36,Female,Finance,Lead,16,24,144814,42.0,12,12,1.0,4,4.0,6.0,1,8.5,29,3,High
EMP0003,29,Male,IT,Senior,2,2,97485,94.0,10,18,2.0,2,1.0,25.0,3,5.5,22,1,Low
EMP0004,42,Female,R&D,Junior,18,20,37857,97.0,2,6,5.0,5,1.0,16.0,1,7.0,84,2,Medium
EMP0005,40,Female,Marketing,Manager,19,23,131620,5.0,11,8,2.0,2,4.0,21.0,1,8.8,70,2,Medium
EMP0006,44,Male,Finance,Junior,3,5,38177,85.0,10,18,2.0,4,2.0,,1,7.8,61,1,Low
EMP0007,32,Female,Sales,Senior,2,5,110111,,22,12,1.0,5,1.0,21.0,2,3.1,43,1,Low
EMP0008,32,Female,Sales,Junior,15,17,48645,66.0,6,7,5.0,1,4.0,11.0,0,5.4,49,2,Medium
EMP0009,45,Female,IT,Mid,11,14,74405,11.0,18,17,5.0,1,1.0,17.0,0,4.0,29,2,Medium
EMP0010,57,Male,Marketing,Senior,7,7,91826,99.0,2,1,3.0,2,2.0,23.0,2,4.6,81,1,Low
EMP0011,45,Male,IT,Mid,16,23,63890,11.0,2,17,3.0,1,3.0,13.0,3,9.3,31,2,Medium
EMP0012,24,Female,HR,Mid,6,9,66892,65.0,10,17,3.0,1,2.0,14.0,2,3.3,53,1,Low
EMP0013,43,Male,Marketing,Mid,10,16,68763,1.0,16,10,1.0,1,5.0,14.0,3,4.5,34,2,Medium
EMP0014,23,Male,Sales,Lead,17,18,146598,14.0,12,0,2.0,4,4.0,4.0,1,5.2,38,2,Medium
EMP0015,45,Male,Finance,Junior,0,1,39484,22.0,1,13,5.0,1,2.0,15.0,2,7.3,57,2,Medium
EMP0016,51,Female,Sales,Mid,2,7,55495,28.0,21,15,5.0,3,,4.0,0,6.7,4,2,Medium
EMP0017,59,Male,R&D,Lead,3,4,128481,80.0,8,10,2.0,5,1.0,1.0,3,4.5,2,2,Medium
EMP0018,23,Female,HR,Lead,12,17,111267,95.0,16,0,5.0,1,4.0,19.0,2,4.1,12,3,High
EMP0019,42,Female,Sales,Mid,5,6,69593,6.0,18,6,2.0,1,2.0,27.0,2,4.7,35,1,Low
EMP0020,54,Female,IT,Senior,13,16,86743,93.0,13,15,1.0,1,3.0,24.0,3,6.5,70,2,Medium
EMP0021,33,Female,IT,Lead,4,10,137939,27.0,15,13,1.0,3,,8.0,1,4.9,72,1,Low
EMP0022,43,Female,Marketing,Lead,15,22,148773,13.0,21,14,1.0,1,,21.0,1,9.6,21,2,Medium
EMP0023,46,Female,Marketing,Mid,14,16,74274,43.0,12,13,2.0,1,4.0,26.0,1,6.2,61,2,Medium
EMP0024,48,Male,Finance,Junior,14,22,46708,29.0,8,10,2.0,5,,8.0,1,3.4,35,1,Low
EMP0025,49,Female,Sales,Junior,3,4,43004,80.0,10,15,4.0,3,3.0,3.0,3,8.1,48,3,High
EMP0026,37,Male,Sales,Junior,7,14,40962,31.0,14,18,5.0,3,2.0,14.0,0,5.3,15,2,Medium
EMP0027,36,Male,Sales,Mid,15,22,78948,69.0,5,16,5.0,1,4.0,10.0,2,7.6,71,3,High
EMP0028,24,Male,Finance,Junior,15,18,40775,87.0,18,5,4.0,3,2.0,0.0,2,5.0,15,2,Medium
EMP0029,58,Female,Operations,Senior,3,3,83557,5.0,19,10,4.0,2,4.0,17.0,1,7.0,6,2,Medium
EMP0030,28,Male,IT,Mid,12,12,53587,26.0,15,16,1.0,3,5.0,28.0,3,8.4,81,2,Medium
EMP0031,42,Female,Sales,Junior,12,13,46535,81.0,6,8,4.0,3,,0.0,0,9.5,68,2,Medium
EMP0032,30,Female,Finance,Lead,1,9,100954,87.0,27,17,2.0,3,5.0,7.0,0,4.8,22,3,High
EMP0033,39,Female,Operations,Mid,2,3,63794,23.0,11,16,3.0,4,3.0,24.0,2,5.3,32,1,Low
EMP0034,25,Female,Marketing,Junior,7,8,30687,33.0,21,11,2.0,4,5.0,15.0,1,6.2,22,2,Medium
EMP0035,46,Female,Operations,Lead,14,19,141269,39.0,11,4,4.0,4,4.0,25.0,2,9.5,27,3,High
EMP0036,35,Other,IT,Junior,10,16,45138,46.0,20,10,5.0,3,3.0,27.0,2,9.3,15,3,High
EMP0037,30,Female,Sales,Senior,8,14,83127,78.0,20,3,2.0,2,2.0,21.0,0,3.6,44,1,Low
EMP0038,47,Female,Operations,Senior,6,14,103147,,21,3,5.0,3,2.0,17.0,3,3.9,86,2,Medium
EMP0039,23,Female,Finance,Mid,12,17,62760,85.0,18,2,2.0,1,4.0,21.0,0,6.5,92,2,Medium
EMP0040,41,Female,IT,Lead,1,8,111559,23.0,25,16,5.0,2,1.0,8.0,2,3.7,9,2,Medium
EMP0041,49,Male,Marketing,Mid,7,12,64796,64.0,18,6,2.0,4,1.0,11.0,1,5.4,34,1,Low
EMP0042,28,Male,Operations,Mid,6,7,53395,17.0,10,3,5.0,5,2.0,18.0,1,4.0,73,1,Low
EMP0043,29,Male,Finance,Junior,11,11,30845,43.0,2,12,3.0,2,4.0,24.0,3,7.5,15,2,Medium
EMP0044,56,Male,Finance,Junior,18,22,31164,75.0,26,11,1.0,4,1.0,,3,9.6,62,3,High
EMP0045,35,Female,IT,Manager,6,14,183749,56.0,9,0,2.0,2,5.0,26.0,3,10.0,45,2,Medium
EMP0046,38,Female,HR,Mid,9,16,55904,27.0,14,18,3.0,2,2.0,4.0,2,5.6,84,2,Medium
EMP0047,57,Female,HR,Mid,15,18,63731,70.0,19,19,1.0,3,5.0,26.0,2,7.2,72,2,Medium
EMP0048,25,Male,Operations,Mid,2,6,76343,,10,17,2.0,1,4.0,1.0,3,9.0,58,3,High
EMP0049,23,Female,Operations,Mid,9,13,71744,84.0,23,10,3.0,5,5.0,6.0,1,3.8,92,2,Medium
EMP0050,27,Female,Operations,Junior,5,10,30354,33.0,4,19,3.0,4,1.0,26.0,1,7.8,19,1,Low
EMP0051,25,Female,Sales,Mid,17,19,68256,10.0,29,2,3.0,2,1.0,9.0,1,5.9,16,2,Medium
EMP0052,50,Female,Marketing,Senior,17,21,115585,85.0,29,16,4.0,5,3.0,14.0,2,4.4,75,3,High
EMP0053,39,Female,Marketing,Junior,4,5,33832,34.0,6,11,,2,2.0,24.0,0,5.8,8,1,Low
EMP0054,47,Male,Finance,Junior,6,15,42467,92.0,14,9,1.0,1,4.0,6.0,1,3.5,33,2,Medium
EMP0055,55,Female,Marketing,Junior,1,1,38257,41.0,4,7,5.0,5,2.0,27.0,1,7.9,74,1,Low
EMP0056,31,Male,Operations,Mid,10,10,63107,27.0,26,14,5.0,4,5.0,4.0,1,4.8,18,3,High
EMP0057,57,Male,HR,Lead,12,21,112458,81.0,15,4,5.0,2,4.0,14.0,3,5.2,35,3,High
EMP0058,35,Female,HR,Junior,4,10,40713,77.0,16,3,3.0,1,4.0,19.0,2,3.8,43,2,Medium
EMP0059,52,Male,Sales,Junior,5,6,32581,81.0,7,19,5.0,5,1.0,27.0,3,9.1,50,2,Medium
EMP0060,36,Female,IT,Mid,13,16,59582,91.0,17,18,4.0,2,5.0,19.0,3,6.5,3,3,High
EMP0061,29,Male,Finance,Senior,11,15,88418,,19,3,2.0,2,1.0,14.0,0,7.0,91,1,Low
EMP0062,35,Female,Marketing,Senior,3,9,108091,7.0,29,14,,4,1.0,9.0,3,7.0,59,2,Medium
EMP0063,44,Male,IT,Mid,5,6,79113,52.0,19,16,1.0,1,,23.0,0,5.9,28,1,Low
EMP0064,42,Female,Sales,Senior,9,14,98827,71.0,17,11,2.0,3,1.0,25.0,3,4.3,46,2,Medium
EMP0065,37,Female,Finance,Senior,17,17,94419,3.0,6,2,2.0,2,2.0,28.0,1,8.2,64,1,Low
EMP0066,39,Male,Sales,Lead,14,20,111814,90.0,29,9,2.0,5,4.0,25.0,2,3.9,70,2,Medium
EMP0067,45,Female,Sales,Lead,7,15,133804,99.0,11,14,5.0,4,1.0,13.0,3,3.7,47,2,Medium
EMP0068,47,Other,Sales,Junior,8,12,40024,4.0,16,9,5.0,4,2.0,25.0,0,8.0,14,2,Medium
EMP0069,46,Male,Sales,Junior,4,8,40932,96.0,25,17,3.0,2,5.0,25.0,2,4.5,7,3,High
EMP0070,50,Male,Sales,Junior,9,12,37435,,8,0,5.0,2,4.0,9.0,0,5.1,74,2,Medium
EMP0071,36,Male,IT,Mid,19,21,51548,97.0,11,2,5.0,2,5.0,16.0,1,6.3,79,2,Medium
EMP0072,22,Male,IT,Manager,5,13,190601,29.0,7,11,5.0,3,2.0,20.0,3,6.1,31,2,Medium
EMP0073,46,Female,Operations,Mid,15,19,72880,71.0,26,0,3.0,2,5.0,13.0,2,8.0,93,3,High
EMP0074,28,Female,HR,Junior,2,9,33407,62.0,24,2,3.0,1,5.0,,1,7.4,81,3,High
EMP0075,30,Male,Marketing,Senior,9,17,113407,46.0,22,2,4.0,5,5.0,15.0,3,7.5,51,3,High
EMP0076,45,Male,Sales,Mid,10,14,50172,25.0,25,4,4.0,2,1.0,12.0,3,8.0,29,2,Medium
EMP0077,22,Female,IT,Junior,10,19,35666,56.0,19,18,4.0,3,1.0,26.0,0,5.0,15,2,Medium
EMP0078,29,Male,Marketing,Mid,16,24,54354,36.0,26,0,4.0,5,1.0,8.0,0,5.3,90,2,Medium
EMP0079,45,Male,Sales,Mid,3,4,70343,97.0,10,3,2.0,4,4.0,6.0,1,6.1,76,2,Medium
EMP0080,32,Female,HR,Senior,3,11,105092,6.0,9,3,2.0,2,,15.0,0,5.2,25,1,Low
EMP0081,38,Female,Finance,Junior,16,19,40109,39.0,4,16,,5,1.0,9.0,1,9.9,61,2,Medium
EMP0082,29,Female,Finance,Junior,8,13,32886,91.0,23,13,4.0,4,5.0,23.0,1,8.7,41,3,High
EMP0083,56,Female,Sales,Mid,18,23,52164,38.0,15,17,1.0,3,5.0,21.0,1,4.2,69,2,Medium
EMP0084,56,Female,IT,Junior,4,9,33945,61.0,13,0,2.0,1,5.0,,0,3.0,4,2,Medium
EMP0085,54,Female,Finance,Senior,5,6,87746,91.0,25,15,1.0,2,5.0,21.0,2,3.3,57,2,Medium
EMP0086,26,Male,Sales,Mid,2,8,61975,77.0,2,2,1.0,1,3.0,22.0,1,4.7,31,1,Low
EMP0087,49,Male,Finance,Mid,0,5,68974,52.0,2,8,,3,4.0,6.0,2,3.8,3,2,Medium
EMP0088,28,Male,Marketing,Manager,19,19,160522,3.0,16,3,3.0,5,2.0,15.0,3,6.7,67,2,Medium
EMP0089,30,Male,R&D,Senior,15,16,95596,81.0,9,4,2.0,5,2.0,8.0,0,9.0,90,2,Medium
EMP0090,29,Female,IT,Junior,10,16,35185,24.0,28,10,4.0,3,1.0,26.0,0,8.2,50,2,Medium
EMP0091,33,Male,Operations,Mid,12,12,51093,6.0,13,8,4.0,3,3.0,23.0,2,4.5,17,2,Medium
EMP0092,55,Male,HR,Senior,9,9,83880,27.0,3,2,3.0,2,2.0,28.0,3,5.8,60,1,Low
EMP0093,54,Male,IT,Senior,2,2,82785,68.0,9,5,2.0,4,4.0,16.0,3,6.6,74,2,Medium
EMP0094,44,Male,Sales,Junior,8,15,44799,66.0,13,10,,1,5.0,19.0,1,8.7,66,3,High
EMP0095,45,Female,Marketing,Manager,11,14,180102,94.0,21,8,4.0,1,1.0,6.0,0,8.9,88,3,High
EMP0096,58,Male,IT,Mid,13,16,67958,19.0,22,14,5.0,5,4.0,10.0,3,9.4,75,3,High
EMP0097,56,Female,IT,Junior,0,1,46016,82.0,2,2,,5,2.0,7.0,3,6.6,24,1,Low
EMP0098,43,Male,Sales,Junior,17,17,44730,10.0,8,0,4.0,2,3.0,6.0,1,7.9,99,2,Medium
EMP0099,48,Female,Operations,Junior,16,25,40565,66.0,27,19,2.0,3,1.0,27.0,1,3.8,87,1,Low
EMP0100,56,Female,Marketing,Lead,8,16,140828,86.0,9,18,3.0,1,2.0,18.0,2,7.0,32,2,Medium
EMP0101,22,Male,Marketing,Junior,8,14,33990,6.0,16,13,5.0,2,1.0,19.0,0,4.7,87,2,Medium
EMP0102,56,Female,IT,Junior,9,12,47573,22.0,2,16,2.0,5,2.0,11.0,3,6.0,98,1,Low
EMP0103,58,Male,Sales,Lead,18,23,119073,60.0,6,13,5.0,5,5.0,6.0,2,7.4,19,3,High
EMP0104,35,Male,Finance,Mid,14,15,54095,70.0,22,16,1.0,1,3.0,7.0,0,4.8,66,3,High
EMP0105,24,Female,HR,Junior,4,10,44549,33.0,8,13,4.0,5,5.0,6.0,2,3.4,60,2,Medium
EMP0106,22,Male,Sales,Junior,14,15,48259,18.0,26,11,2.0,5,2.0,5.0,0,3.1,66,2,Medium
EMP0107,26,Male,Finance,Junior,19,28,49790,57.0,28,15,3.0,4,4.0,24.0,0,3.2,15,2,Medium
EMP0108,47,Female,R&D,Junior,1,8,39979,8.0,5,0,1.0,3,5.0,8.0,3,3.1,85,1,Low
EMP0109,35,Male,Marketing,Senior,12,19,100316,,9,12,1.0,5,4.0,26.0,0,3.8,35,1,Low
EMP0110,48,Female,Marketing,Junior,15,15,35408,81.0,1,5,5.0,4,2.0,12.0,1,4.7,69,2,Medium
EMP0111,30,Male,R&D,Junior,14,21,43937,40.0,9,16,1.0,2,3.0,6.0,3,4.5,27,2,Medium
EMP0112,36,Female,IT,Senior,9,10,103790,47.0,10,11,2.0,5,4.0,7.0,1,9.9,88,2,Medium
EMP0113,36,Female,Finance,Senior,13,18,106756,44.0,23,18,5.0,2,2.0,21.0,2,5.1,7,3,High
EMP0114,47,Female,R&D,Mid,9,9,77622,24.0,4,5,1.0,5,4.0,16.0,2,3.9,6,1,Low
EMP0115,34,Female,Sales,Mid,13,17,52833,77.0,3,6,3.0,1,5.0,16.0,0,6.8,33,2,Medium
EMP0116,53,Male,Marketing,Mid,8,14,55285,24.0,10,0,2.0,4,2.0,15.0,0,9.0,58,1,Low
EMP0117,53,Female,Finance,Mid,13,22,59589,18.0,15,0,3.0,4,5.0,21.0,1,7.7,49,1,Low
EMP0118,25,Male,Finance,Mid,2,2,64708,38.0,11,4,3.0,1,1.0,1.0,1,5.1,17,1,Low
EMP0119,51,Male,Finance,Mid,19,20,64116,78.0,14,5,5.0,3,2.0,29.0,1,6.9,42,2,Medium
EMP0120,58,Male,R&D,Lead,15,21,107645,79.0,6,15,,4,4.0,,2,8.0,94,3,High
EMP0121,44,Female,Marketing,Junior,1,6,42018,26.0,12,15,5.0,2,1.0,16.0,1,8.1,72,2,Medium
EMP0122,36,Male,Sales,Senior,9,11,109150,73.0,13,13,2.0,4,,12.0,3,7.7,40,2,Medium
EMP0123,50,Female,Operations,Junior,2,11,40889,62.0,17,0,2.0,3,5.0,17.0,3,9.1,46,3,High
EMP0124,57,Female,IT,Senior,10,11,110286,67.0,16,12,5.0,2,,23.0,2,9.1,71,3,High
EMP0125,34,Female,IT,Senior,10,19,117545,18.0,3,19,4.0,2,1.0,27.0,1,7.1,70,1,Low
EMP0126,53,Male,HR,Lead,12,15,115994,27.0,2,9,5.0,1,3.0,21.0,1,6.0,68,1,Low
EMP0127,28,Female,HR,Junior,6,8,32735,84.0,11,9,2.0,5,4.0,27.0,0,7.5,1,2,Medium
EMP0128,43,Male,IT,Mid,16,22,63611,77.0,29,8,4.0,1,5.0,9.0,3,8.7,79,3,High
EMP0129,49,Male,R&D,Mid,1,8,74657,32.0,9,12,2.0,5,,1.0,2,3.0,95,1,Low
EMP0130,23,Male,Marketing,Senior,11,12,104662,9.0,3,2,4.0,1,1.0,1.0,1,9.9,89,2,Medium
EMP0131,27,Male,Finance,Mid,9,18,56368,82.0,29,17,4.0,5,3.0,26.0,0,4.3,97,2,Medium
EMP0132,49,Female,Sales,Mid,17,23,76639,29.0,18,19,5.0,4,2.0,13.0,2,6.3,52,2,Medium
EMP0133,49,Female,Operations,Mid,10,17,67205,21.0,20,1,5.0,2,1.0,15.0,2,9.1,35,2,Medium
EMP0134,41,Male,Operations,Mid,15,20,73909,2.0,15,16,,5,4.0,6.0,3,4.6,69,3,High
EMP0135,51,Male,Marketing,Mid,16,21,50162,81.0,14,18,4.0,4,4.0,20.0,1,6.3,5,3,High
EMP0136,32,Male,Sales,Junior,18,27,37777,74.0,2,12,4.0,3,1.0,20.0,2,3.9,17,2,Medium
EMP0137,49,Male,Sales,Manager,17,17,138316,47.0,17,12,2.0,1,3.0,23.0,0,5.8,53,2,Medium
EMP0138,46,Female,IT,Senior,2,5,107304,1.0,22,0,3.0,3,1.0,11.0,0,4.2,52,1,Low
EMP0139,54,Male,Sales,Manager,15,15,133403,75.0,26,1,5.0,4,2.0,27.0,2,5.5,14,3,High
EMP0140,22,Male,IT,Junior,5,8,44516,,8,0,2.0,3,2.0,22.0,0,5.6,29,1,Low
EMP0141,48,Male,R&D,Lead,11,12,119091,5.0,10,4,2.0,3,4.0,27.0,2,10.0,8,2,Medium
EMP0142,34,Female,HR,Lead,10,14,107959,39.0,26,2,,4,1.0,13.0,0,10.0,98,2,Medium
EMP0143,24,Female,Sales,Senior,14,23,111932,92.0,18,6,5.0,2,4.0,24.0,2,3.8,1,2,Medium
EMP0144,27,Female,IT,Senior,14,22,110554,93.0,25,12,2.0,5,3.0,3.0,2,8.1,29,3,High
EMP0145,29,Female,Sales,Mid,15,24,53933,1.0,29,17,1.0,1,2.0,25.0,2,3.4,36,1,Low
EMP0146,48,Female,Sales,Lead,9,11,103385,72.0,19,6,5.0,5,5.0,3.0,0,3.2,51,2,Medium
EMP0147,30,Male,IT,Mid,11,18,73020,1.0,8,0,4.0,1,5.0,17.0,2,3.7,37,1,Low
EMP0148,58,Female,IT,Junior,12,14,30922,92.0,28,4,1.0,5,1.0,2.0,3,9.8,93,3,High
EMP0149,54,Female,Marketing,Mid,3,8,74473,96.0,8,16,4.0,3,1.0,0.0,2,9.6,69,3,High
EMP0150,45,Female,R&D,Manager,6,9,130367,73.0,3,7,3.0,2,5.0,16.0,1,4.4,53,2,Medium
EMP0151,36,Female,IT,Lead,1,8,146505,,3,14,3.0,3,1.0,6.0,1,4.1,96,2,Medium
EMP0152,53,Female,IT,Manager,14,19,153332,54.0,12,19,3.0,2,2.0,29.0,3,4.7,52,2,Medium
EMP0153,53,Female,Operations,Senior,7,14,99642,71.0,22,3,3.0,4,3.0,15.0,2,6.6,88,3,High
EMP0154,45,Other,IT,Junior,6,6,40789,59.0,17,1,,1,3.0,29.0,1,7.0,83,1,Low
EMP0155,33,Female,Sales,Junior,14,19,32500,96.0,4,4,3.0,1,4.0,4.0,2,4.6,12,2,Medium
EMP0156,23,Female,Operations,Junior,13,13,36881,5.0,17,0,2.0,4,2.0,18.0,1,8.3,52,2,Medium
EMP0157,24,Female,Sales,Junior,7,7,33636,18.0,14,4,,5,1.0,6.0,0,5.2,1,1,Low
EMP0158,58,Male,Finance,Mid,11,18,72414,95.0,19,5,5.0,4,1.0,13.0,0,9.5,7,3,High
EMP0159,38,Female,Finance,Junior,12,18,30223,26.0,9,1,2.0,4,4.0,1.0,3,7.6,17,2,Medium
EMP0160,23,Male,IT,Mid,10,12,56297,0.0,21,0,2.0,2,4.0,2.0,3,6.1,98,3,High
EMP0161,23,Female,IT,Manager,16,21,167663,32.0,12,3,3.0,4,1.0,16.0,2,8.5,43,2,Medium
EMP0162,49,Other,Marketing,Mid,16,24,50350,39.0,5,6,2.0,1,1.0,15.0,3,8.7,71,2,Medium
EMP0163,44,Female,Sales,Lead,3,9,118312,31.0,11,0,4.0,3,2.0,7.0,2,5.0,17,2,Medium
EMP0164,58,Male,IT,Senior,7,9,104127,68.0,20,0,3.0,2,4.0,17.0,0,5.4,59,2,Medium
EMP0165,53,Male,Marketing,Junior,4,9,34732,16.0,3,7,1.0,2,2.0,14.0,0,9.6,3,1,Low
EMP0166,54,Male,HR,Mid,15,18,51017,7.0,21,19,3.0,5,1.0,6.0,1,4.2,29,2,Medium
EMP0167,22,Female,Sales,Junior,3,5,48610,56.0,15,15,2.0,3,5.0,26.0,2,3.3,22,1,Low
EMP0168,40,Male,Operations,Mid,14,22,73590,41.0,14,12,4.0,2,5.0,8.0,0,6.2,38,3,High
EMP0169,23,Male,IT,Senior,11,20,109443,97.0,11,17,3.0,4,1.0,5.0,0,8.6,54,3,High
EMP0170,47,Male,Operations,Junior,4,5,45229,8.0,20,19,4.0,2,4.0,17.0,2,8.4,93,3,High
EMP0171,53,Female,Marketing,Junior,15,15,37170,86.0,8,9,1.0,2,5.0,17.0,1,9.4,50,2,Medium
EMP0172,27,Female,Finance,Mid,13,14,63303,34.0,4,11,1.0,2,4.0,24.0,1,6.7,69,2,Medium
EMP0173,53,Male,HR,Manager,9,15,191743,70.0,27,0,5.0,5,5.0,25.0,1,3.7,30,2,Medium
EMP0174,25,Male,R&D,Senior,6,15,92316,78.0,12,9,5.0,2,4.0,23.0,1,7.1,23,2,Medium
EMP0175,32,Female,Sales,Senior,12,12,115187,52.0,8,8,3.0,2,5.0,13.0,0,8.4,85,2,Medium
EMP0176,38,Female,Marketing,Junior,19,24,36240,53.0,6,2,5.0,5,4.0,13.0,2,3.7,90,2,Medium
EMP0177,59,Female,Sales,Senior,4,10,81893,83.0,15,18,4.0,3,2.0,13.0,2,4.2,47,2,Medium
EMP0178,45,Male,IT,Senior,2,10,93753,24.0,12,8,5.0,1,4.0,24.0,0,3.1,21,1,Low
EMP0179,26,Female,IT,Senior,14,21,118090,66.0,16,9,4.0,5,2.0,3.0,0,7.2,20,3,High
EMP0180,55,Male,R&D,Manager,3,8,184922,,16,18,5.0,5,2.0,3.0,0,9.2,23,3,High
EMP0181,27,Female,R&D,Mid,14,16,61232,54.0,27,15,5.0,2,1.0,14.0,3,7.7,68,2,Medium
EMP0182,43,Female,Sales,Manager,13,20,179412,45.0,21,17,5.0,2,2.0,14.0,2,9.9,21,3,High
EMP0183,32,Male,Sales,Lead,19,25,117509,23.0,20,13,2.0,1,3.0,17.0,2,3.4,21,1,Low
EMP0184,37,Male,Marketing,Junior,18,20,33117,97.0,20,2,2.0,2,2.0,13.0,2,9.3,1,2,Medium
EMP0185,54,Female,IT,Mid,12,20,54161,45.0,28,1,5.0,4,4.0,25.0,1,8.7,15,3,High
EMP0186,30,Female,Sales,Manager,9,10,168291,21.0,4,0,4.0,2,2.0,0.0,0,5.2,17,1,Low
EMP0187,27,Female,Finance,Junior,4,6,34042,10.0,11,17,,2,4.0,9.0,0,9.8,51,3,High
EMP0188,37,Female,HR,Mid,19,20,79806,47.0,13,8,1.0,4,4.0,28.0,0,5.0,63,2,Medium
EMP0189,50,Female,R&D,Manager,19,19,157201,7.0,29,12,2.0,1,3.0,19.0,3,9.2,14,3,High
EMP0190,24,Female,IT,Mid,5,8,76746,38.0,9,1,5.0,4,2.0,9.0,2,9.2,59,2,Medium
EMP0191,41,Male,IT,Junior,3,7,44016,34.0,4,6,1.0,5,2.0,9.0,0,8.3,83,2,Medium
EMP0192,57,Female,HR,Mid,1,6,75022,,12,15,2.0,4,5.0,26.0,3,6.9,50,2,Medium
EMP0193,40,Male,Marketing,Junior,15,19,32658,45.0,9,18,3.0,3,5.0,,0,3.8,34,1,Low
EMP0194,47,Male,HR,Mid,17,17,77938,37.0,13,14,4.0,5,1.0,1.0,1,6.7,6,3,High
EMP0195,24,Other,Finance,Junior,4,6,40910,7.0,16,10,5.0,2,4.0,,2,5.5,49,2,Medium
EMP0196,40,Male,IT,Senior,3,3,115712,53.0,26,0,3.0,5,3.0,27.0,3,8.5,6,2,Medium
EMP0197,41,Male,Operations,Mid,12,16,78952,36.0,6,6,2.0,1,5.0,26.0,0,8.3,69,2,Medium
EMP0198,53,Male,IT,Senior,18,22,119978,90.0,10,19,5.0,1,2.0,7.0,2,9.4,7,3,High
EMP0199,28,Female,Sales,Senior,1,6,88787,91.0,13,7,1.0,4,1.0,0.0,3,3.1,97,1,Low
EMP0200,54,Male,Finance,Mid,12,19,51986,39.0,7,9,4.0,5,3.0,0.0,2,8.7,77,3,High
EMP0201,39,Male,IT,Senior,10,19,90942,33.0,28,4,2.0,2,2.0,3.0,2,9.6,51,3,High
EMP0202,22,Male,Sales,Junior,3,3,47458,95.0,26,8,4.0,1,2.0,6.0,1,8.5,1,3,High
EMP0203,32,Male,Operations,Mid,19,22,62161,78.0,19,0,5.0,2,4.0,8.0,2,3.9,13,2,Medium
EMP0204,49,Male,HR,Junior,19,28,33007,16.0,24,1,3.0,3,4.0,15.0,3,3.6,43,2,Medium
EMP0205,46,Male,Marketing,Manager,14,14,194308,32.0,19,18,,1,5.0,4.0,2,3.1,27,3,High
EMP0206,44,Female,IT,Junior,3,11,32824,46.0,17,13,1.0,4,5.0,1.0,3,7.4,71,3,High
EMP0207,52,Male,Marketing,Mid,8,14,78577,51.0,13,19,2.0,3,2.0,27.0,2,7.4,3,2,Medium
EMP0208,51,Male,Sales,Senior,6,12,81211,79.0,13,9,1.0,5,2.0,22.0,0,9.9,58,2,Medium
EMP0209,56,Male,IT,Mid,18,22,50229,92.0,26,8,4.0,2,5.0,,1,5.8,89,3,High
EMP0210,28,Male,R&D,Junior,18,24,45774,8.0,28,9,3.0,1,5.0,17.0,0,5.3,97,2,Medium
EMP0211,37,Female,Marketing,Mid,5,6,64345,32.0,21,5,3.0,3,2.0,24.0,1,7.4,17,2,Medium
EMP0212,47,Female,HR,Senior,5,8,115953,59.0,2,16,1.0,3,,24.0,3,8.8,45,2,Medium
EMP0213,23,Male,IT,Senior,19,25,111819,92.0,10,5,5.0,1,2.0,18.0,1,9.6,78,2,Medium
EMP0214,22,Male,Operations,Mid,14,16,65011,76.0,22,3,5.0,5,3.0,12.0,2,8.6,58,3,High
EMP0215,33,Male,HR,Mid,14,15,66885,20.0,13,19,3.0,5,3.0,23.0,2,6.0,56,2,Medium
EMP0216,26,Female,Marketing,Mid,19,28,76708,57.0,26,2,1.0,4,2.0,10.0,0,7.4,54,2,Medium
EMP0217,58,Female,Marketing,Senior,8,9,80048,84.0,9,18,1.0,5,1.0,19.0,1,9.0,87,2,Medium
EMP0218,53,Female,Sales,Mid,3,3,69950,68.0,1,17,1.0,4,5.0,18.0,3,6.4,88,2,Medium
EMP0219,30,Male,Sales,Mid,17,21,65173,9.0,14,3,4.0,3,4.0,16.0,3,4.5,29,3,High
EMP0220,56,Female,Finance,Junior,17,22,49439,5.0,29,7,5.0,1,2.0,4.0,2,4.2,54,2,Medium
EMP0221,40,Male,Sales,Junior,4,9,46770,12.0,16,16,5.0,5,3.0,12.0,3,3.0,27,2,Medium
EMP0222,37,Male,IT,Junior,19,27,30969,64.0,20,4,4.0,4,2.0,29.0,2,8.0,45,3,High
EMP0223,24,Male,R&D,Junior,10,13,44553,19.0,15,12,2.0,3,5.0,26.0,2,3.8,87,1,Low
EMP0224,41,Male,Finance,Mid,4,4,55820,56.0,1,0,4.0,5,3.0,19.0,2,4.7,31,2,Medium
EMP0225,45,Female,Marketing,Senior,3,8,94292,45.0,17,12,1.0,2,4.0,0.0,0,5.1,36,2,Medium
EMP0226,54,Female,Finance,Junior,11,15,33052,7.0,24,3,4.0,3,4.0,9.0,0,6.9,81,3,High
EMP0227,45,Male,Finance,Manager,1,10,164377,9.0,13,13,1.0,5,4.0,7.0,2,5.8,61,2,Medium
EMP0228,32,Female,Sales,Junior,12,17,32302,72.0,27,2,3.0,3,1.0,23.0,2,7.7,37,2,Medium
EMP0229,29,Other,IT,Senior,9,11,82283,66.0,15,4,1.0,1,3.0,28.0,2,3.4,67,2,Medium
EMP0230,57,Female,IT,Senior,8,9,95620,,16,6,5.0,1,3.0,7.0,3,3.9,36,1,Low
EMP0231,59,Female,IT,Mid,9,14,70750,11.0,16,0,4.0,1,1.0,18.0,2,6.5,5,2,Medium
EMP0232,41,Female,Marketing,Junior,6,6,30122,9.0,2,11,1.0,2,3.0,5.0,2,5.4,46,2,Medium
EMP0233,56,Other,IT,Senior,3,9,103183,24.0,17,10,2.0,1,1.0,11.0,1,5.1,79,1,Low
EMP0234,46,Female,HR,Mid,18,24,59472,48.0,11,7,3.0,2,2.0,27.0,1,3.5,52,1,Low
EMP0235,56,Male,IT,Manager,9,18,189263,48.0,8,5,2.0,1,5.0,6.0,1,9.3,49,2,Medium
EMP0236,46,Male,Sales,Mid,2,8,63732,88.0,20,1,2.0,3,4.0,15.0,1,7.8,6,2,Medium
EMP0237,50,Female,IT,Manager,18,27,177602,10.0,3,18,2.0,5,1.0,8.0,2,3.9,10,1,Low
EMP0238,39,Male,Sales,Junior,1,1,34958,61.0,29,19,3.0,5,1.0,20.0,1,3.5,96,2,Medium
EMP0239,39,Female,Sales,Senior,19,22,80524,35.0,12,19,3.0,1,1.0,24.0,3,9.8,23,2,Medium
EMP0240,23,Male,Sales,Senior,9,15,89079,38.0,20,13,3.0,5,2.0,21.0,3,7.8,17,2,Medium
EMP0241,56,Male,IT,Senior,1,9,88399,52.0,16,0,3.0,1,1.0,,1,5.9,84,2,Medium
EMP0242,37,Male,Marketing,Junior,1,5,46532,89.0,14,9,2.0,1,5.0,9.0,0,7.9,44,2,Medium
EMP0243,57,Male,IT,Senior,16,17,96821,77.0,16,15,5.0,4,5.0,9.0,3,8.3,41,3,High
EMP0244,54,Female,IT,Mid,15,21,60394,55.0,27,3,5.0,4,4.0,19.0,3,8.5,15,3,High
EMP0245,25,Female,Finance,Senior,15,24,83749,0.0,21,10,,4,,28.0,1,6.3,44,1,Low
EMP0246,54,Female,Sales,Mid,13,13,61353,55.0,17,15,,2,5.0,15.0,1,6.0,58,3,High
EMP0247,35,Female,Operations,Lead,6,12,146777,3.0,11,19,1.0,4,3.0,0.0,2,3.1,86,2,Medium
EMP0248,42,Male,HR,Junior,10,15,41437,,17,0,4.0,1,3.0,16.0,3,9.5,50,3,High
EMP0249,41,Male,IT,Lead,0,6,138104,,19,15,4.0,3,3.0,29.0,1,7.2,52,2,Medium
EMP0250,29,Female,Finance,Lead,10,19,104551,34.0,22,18,4.0,4,1.0,25.0,1,4.4,70,2,Medium
EMP0251,28,Female,Sales,Lead,3,5,102823,76.0,1,8,5.0,4,1.0,20.0,2,9.4,68,3,High
EMP0252,24,Male,Finance,Mid,6,8,72112,51.0,27,8,1.0,3,,28.0,3,9.4,63,2,Medium
EMP0253,38,Male,IT,Mid,14,20,62916,30.0,12,8,4.0,1,4.0,13.0,1,9.9,58,3,High
EMP0254,54,Male,Operations,Manager,17,18,161445,86.0,15,16,3.0,2,4.0,18.0,2,9.1,23,3,High
EMP0255,33,Other,Sales,Junior,11,11,44868,67.0,18,11,5.0,4,1.0,20.0,1,10.0,44,3,High
EMP0256,43,Female,HR,Mid,16,24,58391,51.0,28,12,3.0,3,3.0,20.0,0,4.7,83,3,High
EMP0257,43,Male,Finance,Senior,0,8,92658,79.0,23,7,3.0,1,4.0,16.0,0,8.9,95,3,High
EMP0258,51,Female,Sales,Senior,10,16,109685,6.0,14,15,4.0,5,1.0,13.0,1,8.8,44,2,Medium
EMP0259,59,Female,IT,Junior,0,6,48366,21.0,1,17,3.0,2,3.0,7.0,3,4.6,52,2,Medium
EMP0260,59,Male,Marketing,Senior,14,16,103380,92.0,13,0,,3,2.0,20.0,0,3.7,67,1,Low
EMP0261,29,Female,Operations,Lead,9,18,142431,74.0,15,0,3.0,3,3.0,20.0,2,9.9,28,3,High
EMP0262,48,Female,IT,Junior,6,7,32311,55.0,7,11,4.0,3,3.0,8.0,1,5.1,67,2,Medium
EMP0263,48,Male,Marketing,Lead,1,7,139993,96.0,15,5,3.0,4,5.0,7.0,2,9.1,78,3,High
EMP0264,55,Male,R&D,Junior,9,17,41565,57.0,20,8,5.0,5,5.0,12.0,0,3.0,18,2,Medium
EMP0265,42,Male,Operations,Mid,3,3,60270,92.0,10,4,5.0,2,2.0,16.0,3,3.1,27,1,Low
EMP0266,51,Male,Sales,Junior,11,14,43560,63.0,14,15,5.0,1,2.0,18.0,2,6.3,51,3,High
EMP0267,54,Male,Marketing,Junior,18,23,46988,,6,17,2.0,1,3.0,,0,4.7,60,1,Low
EMP0268,49,Female,IT,Lead,10,16,148733,6.0,14,16,5.0,5,4.0,6.0,0,7.8,74,2,Medium
EMP0269,54,Male,R&D,Mid,7,16,55785,54.0,24,17,5.0,3,2.0,16.0,0,7.0,49,2,Medium
EMP0270,26,Male,HR,Mid,17,23,75993,61.0,25,0,2.0,3,,0.0,2,3.5,15,2,Medium
EMP0271,40,Female,Sales,Junior,10,19,42067,89.0,22,18,,3,1.0,4.0,0,4.1,83,3,High
EMP0272,25,Female,Marketing,Mid,10,11,73916,72.0,12,7,4.0,3,5.0,24.0,1,5.7,73,2,Medium
EMP0273,56,Male,IT,Mid,12,15,77509,97.0,11,2,5.0,3,4.0,5.0,0,4.3,68,3,High
EMP0274,38,Male,R&D,Mid,2,6,58740,76.0,29,4,5.0,5,3.0,25.0,1,8.5,15,2,Medium
EMP0275,49,Male,R&D,Mid,11,11,63653,54.0,25,7,2.0,4,1.0,1.0,3,5.9,51,2,Medium
EMP0276,51,Female,Finance,Lead,2,2,149990,35.0,20,18,4.0,2,5.0,26.0,1,3.7,48,1,Low
EMP0277,50,Male,Sales,Mid,9,18,53815,88.0,22,17,3.0,3,1.0,,3,6.4,72,2,Medium
EMP0278,27,Female,Finance,Mid,16,18,67231,23.0,24,17,1.0,4,3.0,15.0,3,3.6,1,2,Medium
EMP0279,56,Female,Sales,Junior,1,10,34709,43.0,25,0,4.0,1,,21.0,1,3.9,7,1,Low
EMP0280,58,Male,Sales,Senior,16,18,117275,16.0,19,14,3.0,5,5.0,4.0,3,4.7,53,3,High
EMP0281,45,Female,Operations,Mid,15,22,56575,1.0,2,17,4.0,4,1.0,4.0,1,9.0,31,3,High
EMP0282,50,Other,IT,Mid,1,9,54773,12.0,22,6,3.0,3,2.0,11.0,2,9.5,18,2,Medium
EMP0283,52,Male,IT,Junior,19,19,42446,30.0,20,15,3.0,3,4.0,2.0,3,8.8,12,3,High
EMP0284,56,Female,R&D,Manager,5,6,150733,92.0,1,15,4.0,3,3.0,29.0,1,5.3,48,2,Medium
EMP0285,54,Male,IT,Junior,9,18,40464,27.0,8,14,2.0,4,3.0,15.0,3,4.9,30,2,Medium
EMP0286,42,Female,IT,Senior,9,10,101576,59.0,25,5,4.0,3,5.0,5.0,0,6.8,97,3,High
EMP0287,53,Female,Operations,Mid,7,10,53320,26.0,14,8,4.0,4,1.0,14.0,1,8.1,7,2,Medium
EMP0288,44,Female,Sales,Junior,0,1,40750,14.0,9,6,3.0,3,4.0,14.0,0,10.0,92,2,Medium
EMP0289,54,Female,Marketing,Senior,12,18,117466,94.0,2,13,1.0,1,5.0,28.0,3,3.9,3,2,Medium
EMP0290,24,Female,R&D,Mid,8,16,70695,78.0,25,10,3.0,1,5.0,15.0,3,3.3,63,2,Medium
EMP0291,39,Female,Operations,Lead,9,15,126572,32.0,23,15,,2,1.0,19.0,2,7.9,6,3,High
EMP0292,46,Female,Finance,Lead,14,19,117948,19.0,5,5,4.0,3,4.0,12.0,1,8.8,95,3,High
EMP0293,52,Female,IT,Lead,4,13,138826,41.0,23,15,4.0,3,1.0,11.0,0,8.9,15,3,High
EMP0294,24,Male,IT,Junior,15,15,30726,11.0,29,19,2.0,4,3.0,9.0,2,7.7,71,3,High
EMP0295,45,Male,Operations,Senior,12,21,105820,72.0,25,15,3.0,4,2.0,13.0,3,9.7,43,3,High
EMP0296,53,Male,Operations,Mid,19,27,78036,22.0,8,11,2.0,3,3.0,1.0,3,6.6,94,2,Medium
EMP0297,43,Male,HR,Lead,17,21,106697,71.0,16,16,4.0,2,3.0,28.0,2,9.4,91,3,High
EMP0298,44,Male,IT,Senior,10,14,92963,95.0,22,4,3.0,3,5.0,2.0,0,9.8,81,3,High
EMP0299,23,Female,Sales,Lead,8,13,149434,13.0,16,12,3.0,4,3.0,8.0,3,8.9,18,3,High
EMP0300,48,Male,Sales,Mid,15,23,51081,90.0,13,7,5.0,3,4.0,10.0,3,5.2,22,3,High
EMP0301,23,Female,Marketing,Mid,1,8,70269,24.0,20,4,5.0,4,3.0,10.0,1,4.4,61,2,Medium
EMP0302,47,Male,IT,Junior,1,8,49265,76.0,29,11,1.0,3,4.0,24.0,2,6.8,61,2,Medium
EMP0303,38,Female,Operations,Senior,11,18,90776,84.0,15,8,5.0,5,1.0,21.0,3,6.2,53,2,Medium
EMP0304,54,Female,Marketing,Mid,7,7,64196,30.0,1,2,3.0,4,5.0,9.0,0,9.1,26,2,Medium
EMP0305,30,Male,Sales,Mid,8,8,69354,53.0,22,2,5.0,2,4.0,25.0,1,3.7,91,2,Medium
EMP0306,50,Female,Finance,Senior,11,18,95958,4.0,3,0,1.0,5,3.0,13.0,2,4.8,40,1,Low
EMP0307,47,Male,IT,Mid,8,12,73369,12.0,6,17,4.0,3,5.0,8.0,0,8.3,88,3,High
EMP0308,56,Female,Finance,Junior,9,17,41689,27.0,22,11,5.0,4,5.0,19.0,3,3.7,8,2,Medium
EMP0309,46,Male,Marketing,Mid,1,2,67331,42.0,14,8,3.0,5,,26.0,2,5.2,21,2,Medium
EMP0310,45,Female,Operations,Mid,15,23,54760,88.0,4,8,4.0,2,,20.0,2,5.7,93,3,High
EMP0311,34,Male,Operations,Mid,19,26,76293,98.0,18,17,3.0,4,2.0,9.0,0,7.4,43,3,High
EMP0312,28,Female,IT,Junior,6,14,43436,,15,17,4.0,5,2.0,21.0,2,4.1,21,2,Medium
EMP0313,57,Female,Sales,Junior,1,4,30066,70.0,9,6,3.0,5,5.0,28.0,0,9.0,3,2,Medium
EMP0314,41,Male,Marketing,Junior,0,0,30564,37.0,18,3,5.0,5,2.0,8.0,3,6.1,31,2,Medium
EMP0315,22,Male,Sales,Senior,18,18,105401,95.0,3,12,5.0,1,3.0,28.0,1,9.4,27,2,Medium
EMP0316,29,Male,IT,Junior,3,7,43393,66.0,10,16,1.0,3,1.0,4.0,0,6.3,27,1,Low
EMP0317,37,Male,Sales,Mid,1,2,53670,61.0,17,1,4.0,4,5.0,7.0,1,4.9,73,3,High
EMP0318,35,Female,Finance,Manager,13,20,122251,,7,13,1.0,4,1.0,10.0,2,4.0,57,2,Medium
EMP0319,33,Male,Sales,Junior,1,10,42949,36.0,15,2,2.0,4,2.0,0.0,0,3.0,97,1,Low
EMP0320,44,Male,Finance,Mid,14,18,50804,85.0,1,4,5.0,5,4.0,20.0,3,6.7,33,3,High
EMP0321,36,Male,R&D,Senior,11,15,107027,7.0,27,13,4.0,3,5.0,9.0,0,3.8,90,3,High
EMP0322,49,Female,Sales,Manager,4,5,129583,80.0,25,2,1.0,2,2.0,0.0,0,5.7,92,2,Medium
EMP0323,55,Male,Sales,Senior,19,25,103104,51.0,27,6,1.0,4,3.0,25.0,0,7.1,44,1,Low
EMP0324,23,Male,IT,Senior,6,13,92224,90.0,11,17,2.0,3,5.0,29.0,1,4.9,43,2,Medium
EMP0325,53,Male,Operations,Lead,9,18,138784,32.0,17,12,1.0,3,5.0,21.0,1,4.2,31,2,Medium
EMP0326,44,Male,IT,Mid,13,13,79299,80.0,5,9,3.0,1,4.0,6.0,2,8.4,65,3,High
EMP0327,43,Female,IT,Lead,13,14,113036,41.0,7,12,5.0,4,5.0,27.0,2,9.6,84,3,High
EMP0328,46,Male,Sales,Junior,4,13,49933,75.0,19,15,1.0,5,4.0,13.0,2,3.7,76,2,Medium
EMP0329,43,Male,Marketing,Manager,17,20,197928,26.0,25,8,1.0,3,2.0,,2,4.1,17,2,Medium
EMP0330,43,Female,IT,Mid,13,17,57938,7.0,24,1,2.0,3,3.0,16.0,0,9.7,15,2,Medium
EMP0331,27,Female,Marketing,Mid,1,2,54141,22.0,29,4,3.0,2,3.0,21.0,1,3.3,34,1,Low
EMP0332,36,Male,Operations,Junior,11,11,39546,63.0,15,16,1.0,1,5.0,25.0,1,9.8,80,2,Medium
EMP0333,58,Female,IT,Senior,5,13,85335,92.0,3,3,5.0,3,,20.0,1,3.0,4,2,Medium
EMP0334,54,Female,Operations,Junior,3,3,35077,19.0,15,16,,3,2.0,5.0,1,9.1,72,3,High
EMP0335,29,Male,Sales,Lead,12,15,146015,15.0,5,8,1.0,5,4.0,15.0,2,5.2,98,2,Medium
EMP0336,26,Female,Operations,Lead,3,4,105611,16.0,23,19,3.0,5,3.0,10.0,0,9.6,89,2,Medium
EMP0337,25,Female,Finance,Junior,13,16,38089,79.0,12,1,,2,4.0,9.0,1,5.2,79,3,High
EMP0338,27,Male,Operations,Lead,15,22,135660,,20,17,5.0,2,2.0,14.0,3,7.6,28,2,Medium
EMP0339,53,Male,Sales,Senior,3,10,85577,7.0,5,10,3.0,2,3.0,6.0,0,3.6,73,1,Low
EMP0340,51,Male,Sales,Senior,0,8,100002,37.0,3,12,3.0,5,3.0,22.0,3,4.7,2,2,Medium
EMP0341,56,Female,IT,Mid,12,16,67943,37.0,9,7,1.0,5,1.0,1.0,0,8.4,17,2,Medium
EMP0342,37,Other,IT,Junior,3,9,36683,,26,0,4.0,1,2.0,,0,6.7,58,2,Medium
EMP0343,34,Female,IT,Junior,19,21,31507,92.0,9,16,2.0,4,2.0,18.0,0,9.5,74,2,Medium
EMP0344,51,Male,IT,Mid,17,26,66335,99.0,7,11,4.0,4,1.0,,3,6.0,9,2,Medium
EMP0345,40,Female,Sales,Lead,5,8,128647,89.0,26,3,4.0,1,4.0,15.0,1,9.1,31,3,High
EMP0346,38,Female,IT,Junior,2,11,32063,30.0,2,12,5.0,4,1.0,5.0,1,6.1,66,2,Medium
EMP0347,40,Male,Operations,Lead,12,20,134768,43.0,23,8,3.0,5,2.0,2.0,3,9.9,88,3,High
EMP0348,49,Male,HR,Mid,15,24,65566,59.0,23,6,5.0,4,,1.0,1,9.7,62,3,High
EMP0349,47,Female,Sales,Mid,4,13,79583,75.0,27,4,2.0,5,3.0,19.0,2,5.3,19,2,Medium
EMP0350,58,Male,IT,Senior,3,3,81294,16.0,21,4,1.0,1,1.0,4.0,1,9.2,81,2,Medium
EMP0351,47,Female,Sales,Lead,7,8,115096,78.0,16,16,2.0,2,4.0,10.0,2,8.9,74,3,High
EMP0352,44,Male,R&D,Mid,18,22,54065,72.0,9,8,5.0,1,4.0,25.0,2,4.5,55,3,High
EMP0353,30,Male,Sales,Mid,13,15,64090,38.0,13,5,5.0,4,4.0,24.0,2,7.4,28,2,Medium
EMP0354,33,Male,Marketing,Mid,6,7,77328,41.0,28,18,5.0,5,1.0,2.0,3,3.5,92,2,Medium
EMP0355,22,Male,R&D,Junior,13,13,47987,47.0,27,15,5.0,4,3.0,2.0,1,8.9,50,3,High
EMP0356,22,Female,Operations,Junior,5,14,47706,11.0,19,1,4.0,4,4.0,21.0,1,4.2,65,2,Medium
EMP0357,55,Male,Finance,Mid,11,13,72340,95.0,20,9,,2,1.0,,3,3.5,3,2,Medium
EMP0358,53,Female,Operations,Mid,15,15,68825,88.0,17,15,4.0,4,2.0,21.0,3,5.8,79,2,Medium
EMP0359,46,Female,R&D,Senior,16,16,97482,17.0,6,4,5.0,2,1.0,22.0,1,7.0,52,1,Low
EMP0360,22,Female,Finance,Mid,12,12,71457,78.0,4,14,3.0,5,1.0,,3,9.0,10,3,High
EMP0361,37,Male,Finance,Mid,13,20,76081,95.0,1,12,4.0,5,,2.0,3,9.8,21,3,High
EMP0362,26,Female,Finance,Mid,6,8,59318,5.0,18,12,5.0,2,4.0,12.0,2,6.1,37,3,High
EMP0363,43,Female,HR,Senior,13,13,95574,42.0,19,12,5.0,1,1.0,20.0,3,3.4,15,2,Medium
EMP0364,50,Male,Finance,Lead,14,20,148070,34.0,9,14,,5,2.0,7.0,2,8.2,87,2,Medium
EMP0365,24,Male,IT,Mid,11,20,64650,97.0,13,13,2.0,1,4.0,19.0,0,7.0,78,3,High
EMP0366,33,Female,IT,Senior,16,18,108930,,8,7,4.0,5,2.0,9.0,2,6.1,79,2,Medium
EMP0367,47,Female,Sales,Junior,8,15,32096,61.0,23,10,4.0,5,5.0,1.0,2,5.2,74,3,High
EMP0368,37,Male,Sales,Mid,14,17,61801,68.0,13,17,4.0,3,,3.0,3,6.5,9,3,High
EMP0369,58,Female,IT,Mid,11,14,68592,81.0,15,3,5.0,4,4.0,17.0,1,5.4,44,3,High
EMP0370,43,Female,Sales,Mid,1,5,72372,15.0,11,9,1.0,4,4.0,18.0,0,8.3,39,2,Medium
EMP0371,50,Female,Finance,Senior,4,9,96559,7.0,12,0,,1,1.0,3.0,0,6.8,5,1,Low
EMP0372,35,Female,IT,Lead,12,18,132334,88.0,14,4,5.0,4,3.0,19.0,0,9.1,25,3,High
EMP0373,49,Female,Operations,Junior,19,22,37169,95.0,4,12,3.0,1,,25.0,1,6.8,56,2,Medium
EMP0374,26,Male,Sales,Senior,7,14,93288,89.0,1,0,1.0,5,2.0,8.0,0,4.7,90,2,Medium
EMP0375,51,Male,IT,Mid,13,18,72398,85.0,24,7,4.0,3,1.0,15.0,0,9.0,64,3,High
EMP0376,26,Male,Marketing,Junior,14,14,40694,30.0,4,2,2.0,3,1.0,25.0,1,6.9,72,1,Low
EMP0377,33,Female,Finance,Junior,10,10,42191,9.0,19,2,4.0,5,5.0,5.0,0,4.4,86,2,Medium
EMP0378,37,Female,Sales,Mid,0,8,68051,55.0,9,6,5.0,2,3.0,24.0,3,7.4,52,2,Medium
EMP0379,47,Male,Operations,Junior,2,11,40737,75.0,10,3,1.0,2,3.0,3.0,3,5.5,89,2,Medium
EMP0380,47,Female,Operations,Junior,16,21,48207,91.0,4,2,1.0,4,1.0,8.0,2,8.9,76,2,Medium
EMP0381,42,Female,IT,Junior,18,27,35147,69.0,20,14,1.0,1,2.0,26.0,2,6.2,9,2,Medium
EMP0382,57,Female,IT,Mid,13,20,67740,19.0,9,7,,3,1.0,12.0,2,8.1,10,2,Medium
EMP0383,54,Male,R&D,Senior,7,13,99643,4.0,13,2,4.0,4,2.0,8.0,3,3.7,10,2,Medium
EMP0384,51,Female,Finance,Mid,12,17,56199,22.0,12,6,3.0,5,3.0,5.0,3,5.8,73,2,Medium
EMP0385,58,Male,HR,Manager,19,22,160733,8.0,11,17,2.0,3,,20.0,3,9.9,62,3,High
EMP0386,44,Male,Operations,Mid,2,8,68467,57.0,12,10,,1,4.0,18.0,2,8.7,90,3,High
EMP0387,31,Male,IT,Senior,4,12,114808,58.0,18,10,3.0,1,3.0,13.0,2,4.1,99,2,Medium
EMP0388,26,Male,IT,Lead,8,17,101752,92.0,12,16,3.0,2,2.0,20.0,2,4.9,91,3,High
EMP0389,57,Male,IT,Senior,5,14,81849,79.0,16,5,,4,1.0,14.0,2,5.3,60,3,High
EMP0390,55,Female,Marketing,Mid,1,7,52642,53.0,5,7,1.0,5,3.0,2.0,2,7.6,95,2,Medium
EMP0391,52,Male,Finance,Senior,12,12,81600,45.0,20,0,5.0,3,5.0,4.0,2,8.3,19,3,High
EMP0392,31,Female,Finance,Junior,4,13,43951,21.0,25,9,4.0,1,2.0,20.0,3,8.2,38,3,High
EMP0393,40,Male,IT,Mid,7,15,70786,63.0,12,18,5.0,3,1.0,,1,6.6,6,3,High
EMP0394,53,Female,IT,Mid,0,3,61797,7.0,21,2,1.0,5,4.0,13.0,1,8.7,15,2,Medium
EMP0395,22,Female,HR,Mid,19,21,70183,19.0,25,3,,3,2.0,15.0,2,6.1,93,2,Medium
EMP0396,26,Male,Marketing,Junior,11,14,47002,50.0,11,10,3.0,4,1.0,13.0,1,3.9,47,1,Low
EMP0397,25,Male,HR,Manager,10,13,121132,77.0,9,14,2.0,2,4.0,8.0,1,7.0,45,2,Medium
EMP0398,37,Male,Sales,Senior,6,15,118259,38.0,18,0,3.0,3,1.0,14.0,3,9.7,5,3,High
EMP0399,45,Female,Operations,Mid,14,15,55795,36.0,25,8,2.0,2,4.0,6.0,2,8.6,78,3,High
EMP0400,37,Female,Sales,Manager,10,10,130931,,3,10,5.0,5,4.0,13.0,2,7.1,53,2,Medium
EMP0401,23,Male,R&D,Mid,15,24,78852,33.0,20,18,4.0,2,4.0,5.0,1,7.5,66,3,High
EMP0402,49,Female,Sales,Manager,2,2,193169,74.0,17,12,5.0,3,1.0,20.0,2,9.5,62,3,High
EMP0403,53,Male,Finance,Mid,19,26,67871,32.0,14,15,,3,4.0,14.0,2,6.0,23,2,Medium
EMP0404,48,Male,Sales,Junior,13,14,35009,30.0,1,3,5.0,1,2.0,19.0,2,5.3,44,2,Medium
EMP0405,41,Female,Operations,Senior,2,11,114881,53.0,17,0,2.0,3,5.0,7.0,2,9.8,52,3,High
EMP0406,45,Male,HR,Senior,0,4,81044,43.0,25,19,3.0,2,5.0,1.0,1,9.0,46,3,High
EMP0407,33,Female,Sales,Senior,14,17,115199,33.0,27,12,4.0,1,,7.0,0,5.3,19,3,High
EMP0408,56,Male,IT,Manager,0,7,144363,70.0,8,0,5.0,3,5.0,0.0,1,6.2,88,2,Medium
EMP0409,54,Other,Sales,Senior,16,17,81582,61.0,5,4,5.0,3,5.0,25.0,3,5.9,84,3,High
EMP0410,54,Male,Sales,Senior,1,10,94374,22.0,5,4,3.0,5,,16.0,0,4.0,47,1,Low
EMP0411,58,Male,R&D,Lead,19,27,101308,,9,13,4.0,1,4.0,18.0,0,9.7,91,3,High
EMP0412,33,Female,IT,Senior,5,11,101301,55.0,3,13,5.0,5,2.0,4.0,0,5.8,52,2,Medium
EMP0413,24,Male,Marketing,Mid,7,13,58793,6.0,19,7,5.0,5,3.0,29.0,1,9.1,24,2,Medium
EMP0414,22,Female,Finance,Lead,15,15,101620,88.0,23,3,2.0,5,1.0,21.0,3,4.3,17,2,Medium
EMP0415,54,Female,Finance,Junior,18,19,34766,60.0,9,6,2.0,4,4.0,19.0,1,6.8,89,2,Medium
EMP0416,31,Female,Sales,Senior,0,3,117960,2.0,22,19,1.0,5,4.0,15.0,3,3.2,46,2,Medium
EMP0417,50,Female,IT,Lead,2,5,139390,37.0,18,18,3.0,2,5.0,6.0,1,8.3,64,3,High
EMP0418,34,Female,Marketing,Senior,2,4,86093,,16,14,4.0,3,2.0,6.0,1,7.1,95,2,Medium
EMP0419,33,Female,R&D,Senior,4,10,102259,33.0,1,3,5.0,4,,17.0,1,7.4,28,2,Medium
EMP0420,52,Female,IT,Senior,11,18,100655,43.0,2,18,5.0,5,4.0,17.0,0,3.4,50,2,Medium
EMP0421,23,Female,IT,Mid,11,12,50237,,14,8,1.0,3,4.0,1.0,1,4.5,64,2,Medium
EMP0422,56,Male,HR,Lead,19,22,131629,16.0,14,12,5.0,1,5.0,14.0,3,3.5,28,2,Medium
EMP0423,44,Male,R&D,Junior,12,14,41110,58.0,1,13,3.0,1,4.0,13.0,3,5.0,86,3,High
EMP0424,38,Female,IT,Junior,19,20,36073,9.0,26,13,1.0,3,3.0,17.0,3,7.4,56,2,Medium
EMP0425,47,Male,IT,Junior,8,13,32542,98.0,26,9,3.0,2,1.0,28.0,0,7.0,59,2,Medium
EMP0426,29,Male,Operations,Mid,6,9,65282,,25,15,1.0,3,1.0,8.0,1,7.3,5,2,Medium
EMP0427,50,Male,Sales,Mid,3,8,60195,,16,4,5.0,3,1.0,13.0,1,6.8,54,2,Medium
EMP0428,47,Male,Sales,Lead,18,19,101537,44.0,15,5,1.0,4,3.0,4.0,2,4.9,44,2,Medium
EMP0429,31,Female,Finance,Mid,18,21,67138,90.0,26,1,2.0,1,4.0,10.0,0,4.7,42,3,High
EMP0430,47,Female,Operations,Mid,5,10,61560,58.0,15,12,4.0,1,5.0,7.0,3,4.0,72,2,Medium
EMP0431,55,Male,IT,Junior,12,16,43434,61.0,12,12,5.0,5,2.0,4.0,3,8.9,92,3,High
EMP0432,28,Female,HR,Mid,10,12,57396,58.0,16,18,4.0,3,4.0,28.0,1,7.3,57,2,Medium
EMP0433,25,Female,HR,Senior,12,19,104207,48.0,14,17,5.0,3,3.0,10.0,3,4.3,47,3,High
EMP0434,32,Male,HR,Junior,12,18,46924,99.0,29,18,4.0,2,3.0,4.0,1,4.2,76,3,High
EMP0435,50,Female,Finance,Junior,19,21,35131,62.0,24,0,2.0,1,1.0,16.0,1,9.1,25,3,High
EMP0436,57,Male,HR,Junior,14,19,38697,86.0,15,7,4.0,2,4.0,21.0,2,8.2,44,3,High
EMP0437,46,Male,IT,Junior,12,15,47513,31.0,23,15,1.0,4,1.0,3.0,0,7.6,15,2,Medium
EMP0438,42,Female,HR,Mid,10,14,60271,9.0,15,1,4.0,5,2.0,14.0,1,5.8,51,1,Low
EMP0439,57,Male,Finance,Junior,18,22,33145,10.0,19,7,5.0,2,1.0,18.0,1,4.8,53,2,Medium
EMP0440,31,Female,HR,Senior,7,13,107818,69.0,8,5,3.0,1,2.0,21.0,1,9.9,34,2,Medium
EMP0441,58,Female,Operations,Lead,19,23,130544,61.0,2,15,4.0,4,3.0,1.0,2,8.6,77,3,High
EMP0442,30,Male,Sales,Mid,7,9,79764,46.0,2,10,4.0,3,1.0,23.0,1,5.1,8,1,Low
EMP0443,45,Female,Operations,Manager,9,18,198636,33.0,27,16,4.0,4,1.0,16.0,0,8.9,77,3,High
EMP0444,56,Female,Operations,Mid,15,19,74937,99.0,10,18,5.0,2,5.0,11.0,0,8.3,70,3,High
EMP0445,56,Male,IT,Mid,18,24,70104,16.0,3,10,4.0,1,3.0,24.0,3,5.1,96,1,Low
EMP0446,57,Female,HR,Manager,10,14,189603,53.0,23,7,5.0,2,5.0,,0,6.0,21,3,High
EMP0447,39,Female,IT,Junior,12,16,34195,75.0,17,3,5.0,3,2.0,16.0,3,4.3,7,2,Medium
EMP0448,53,Female,IT,Manager,8,16,179025,,8,10,3.0,3,2.0,,0,3.8,90,2,Medium
EMP0449,45,Female,IT,Junior,19,21,39244,39.0,28,7,1.0,1,3.0,27.0,3,8.1,79,3,High
EMP0450,44,Male,Sales,Mid,18,23,57281,18.0,23,8,5.0,5,2.0,24.0,1,4.9,56,2,Medium
EMP0451,53,Female,IT,Junior,15,15,32509,66.0,4,1,2.0,4,3.0,17.0,2,8.7,49,2,Medium
EMP0452,58,Female,Operations,Senior,6,15,101400,81.0,14,15,4.0,4,2.0,18.0,2,10.0,42,3,High
EMP0453,33,Female,IT,Senior,18,22,86533,,21,5,2.0,3,4.0,17.0,2,3.5,23,2,Medium
EMP0454,34,Female,Operations,Senior,11,18,94670,63.0,10,18,4.0,2,1.0,,1,6.3,52,2,Medium
EMP0455,44,Female,HR,Mid,14,18,53932,82.0,29,7,3.0,2,4.0,13.0,2,8.6,79,3,High
EMP0456,46,Male,Operations,Mid,13,21,64595,46.0,1,13,5.0,5,3.0,23.0,0,8.5,53,2,Medium
EMP0457,56,Female,Finance,Junior,10,15,43041,5.0,4,15,1.0,2,3.0,15.0,3,8.3,16,2,Medium
EMP0458,51,Female,Sales,Mid,9,16,55560,15.0,1,11,,4,4.0,17.0,1,5.4,96,2,Medium
EMP0459,38,Female,Finance,Manager,10,19,156784,71.0,17,4,4.0,2,1.0,25.0,2,6.2,37,2,Medium
EMP0460,41,Female,Sales,Mid,5,12,73723,17.0,26,18,,5,1.0,17.0,0,7.2,18,2,Medium
EMP0461,46,Male,HR,Lead,1,3,100719,51.0,17,17,5.0,4,5.0,15.0,0,9.8,20,3,High
EMP0462,43,Male,R&D,Lead,10,16,100074,47.0,7,8,1.0,2,2.0,16.0,1,5.3,46,1,Low
EMP0463,34,Male,Sales,Mid,18,24,75869,42.0,23,1,4.0,4,5.0,6.0,1,9.5,2,3,High
EMP0464,40,Male,IT,Senior,5,14,106498,38.0,20,19,3.0,3,1.0,11.0,2,4.9,87,2,Medium
EMP0465,57,Female,Marketing,Junior,13,18,43161,48.0,15,11,3.0,3,4.0,1.0,3,9.9,94,3,High
EMP0466,33,Female,Operations,Junior,19,25,32149,11.0,13,1,5.0,3,2.0,9.0,2,7.7,63,2,Medium
EMP0467,40,Female,Finance,Junior,5,6,44033,9.0,28,9,2.0,2,4.0,4.0,2,6.2,3,2,Medium
EMP0468,33,Male,IT,Mid,16,24,76131,70.0,2,0,4.0,5,5.0,20.0,1,7.3,46,3,High
EMP0469,30,Female,Finance,Mid,9,18,73097,54.0,28,3,5.0,4,3.0,2.0,2,4.9,49,3,High
EMP0470,28,Male,IT,Mid,0,9,54207,0.0,19,11,5.0,1,4.0,18.0,2,4.9,1,2,Medium
EMP0471,49,Male,Marketing,Mid,2,2,77608,48.0,24,8,3.0,3,5.0,12.0,3,3.8,22,2,Medium
EMP0472,35,Female,R&D,Mid,7,7,73525,35.0,13,3,1.0,3,5.0,11.0,0,3.8,93,1,Low
EMP0473,52,Female,Marketing,Senior,7,9,95043,20.0,24,8,4.0,1,,2.0,0,5.4,14,2,Medium
EMP0474,40,Male,Operations,Senior,19,21,91725,36.0,11,5,1.0,1,3.0,5.0,3,8.3,92,3,High
EMP0475,37,Male,Sales,Junior,14,14,33936,23.0,27,0,4.0,2,3.0,13.0,0,7.3,85,2,Medium
EMP0476,26,Male,Marketing,Junior,6,12,39307,54.0,22,9,2.0,4,3.0,3.0,2,3.7,45,2,Medium
EMP0477,56,Male,Operations,Senior,10,13,117383,24.0,15,13,3.0,3,2.0,12.0,3,9.0,96,3,High
EMP0478,33,Female,Sales,Mid,6,15,79483,6.0,10,17,,5,3.0,18.0,3,7.2,6,2,Medium
EMP0479,46,Male,Operations,Senior,3,4,87265,80.0,9,5,5.0,2,3.0,17.0,1,9.7,65,3,High
EMP0480,42,Female,IT,Mid,11,20,72763,92.0,27,17,3.0,2,3.0,28.0,0,7.7,21,2,Medium
EMP0481,57,Male,Finance,Mid,5,9,60116,93.0,28,19,5.0,5,,2.0,1,4.2,4,3,High
EMP0482,44,Male,Operations,Junior,13,18,45733,70.0,9,15,2.0,5,3.0,19.0,2,6.3,3,2,Medium
EMP0483,37,Male,Finance,Junior,11,19,43892,96.0,20,14,4.0,5,2.0,5.0,3,7.5,30,3,High
EMP0484,35,Male,Sales,Senior,10,13,105502,,28,15,5.0,1,5.0,15.0,2,3.2,31,3,High
EMP0485,52,Male,Finance,Mid,18,19,54652,23.0,1,7,1.0,3,4.0,19.0,0,3.1,34,1,Low
EMP0486,26,Male,HR,Senior,4,8,89247,10.0,17,12,4.0,1,1.0,23.0,1,3.9,83,1,Low
EMP0487,56,Female,Operations,Lead,13,15,123840,72.0,12,10,4.0,3,3.0,2.0,0,4.8,20,3,High
EMP0488,44,Male,IT,Mid,15,16,71058,11.0,10,6,2.0,1,5.0,,2,6.0,87,2,Medium
EMP0489,50,Female,IT,Senior,12,12,114929,34.0,5,16,2.0,4,5.0,18.0,1,6.4,54,2,Medium
EMP0490,32,Male,Marketing,Mid,19,28,68635,62.0,29,17,3.0,3,4.0,18.0,0,4.0,25,2,Medium
EMP0491,39,Female,IT,Mid,3,4,75628,67.0,18,18,3.0,2,1.0,23.0,2,7.7,15,2,Medium
EMP0492,33,Female,Finance,Senior,10,15,111362,99.0,15,12,1.0,3,2.0,3.0,0,7.2,38,2,Medium
EMP0493,30,Female,Finance,Mid,16,23,70953,91.0,6,14,4.0,3,5.0,0.0,3,5.1,23,3,High
EMP0494,31,Female,Operations,Mid,6,8,69128,56.0,7,0,1.0,3,5.0,1.0,1,3.1,52,1,Low
EMP0495,38,Male,Finance,Junior,13,21,44588,12.0,17,15,1.0,4,5.0,12.0,1,3.5,66,1,Low
EMP0496,59,Female,HR,Mid,10,18,62061,22.0,6,4,2.0,1,5.0,,1,5.7,57,1,Low
EMP0497,28,Male,Sales,Lead,8,9,106041,82.0,8,2,1.0,2,4.0,25.0,3,4.1,57,1,Low
EMP0498,34,Female,Sales,Lead,12,19,112673,38.0,12,9,1.0,1,1.0,28.0,1,5.6,79,1,Low
EMP0499,30,Male,Sales,Senior,17,26,101059,87.0,21,18,5.0,1,5.0,12.0,3,7.4,52,3,High
EMP0500,48,Male,Sales,Senior,10,14,114328,79.0,14,4,3.0,5,2.0,29.0,1,6.8,35,1,Low
EMP0501,23,Female,Finance,Mid,14,17,61954,96.0,12,6,3.0,4,2.0,1.0,0,4.6,74,2,Medium
EMP0502,26,Female,Marketing,Mid,18,27,67548,11.0,23,13,4.0,5,3.0,29.0,0,5.4,14,2,Medium
EMP0503,50,Female,HR,Junior,0,4,45078,,10,2,3.0,4,,18.0,0,7.3,91,1,Low
EMP0504,58,Female,Operations,Mid,3,6,55419,70.0,22,12,4.0,1,5.0,21.0,0,9.0,14,3,High
EMP0505,59,Other,R&D,Mid,13,20,52722,74.0,20,12,5.0,1,5.0,23.0,3,8.3,99,3,High
EMP0506,40,Male,Operations,Manager,13,16,196086,30.0,15,9,3.0,4,5.0,15.0,2,6.9,33,2,Medium
EMP0507,29,Male,Finance,Mid,2,11,66854,,7,1,5.0,1,5.0,11.0,2,5.5,52,3,High
EMP0508,22,Male,HR,Mid,16,21,75992,61.0,26,5,3.0,1,2.0,0.0,0,5.6,1,3,High
EMP0509,43,Male,IT,Mid,2,3,51468,12.0,9,7,3.0,2,1.0,8.0,2,9.2,34,2,Medium
EMP0510,38,Female,Sales,Senior,15,19,104309,30.0,10,3,5.0,5,1.0,16.0,2,3.3,19,1,Low
EMP0511,28,Male,IT,Senior,13,18,80808,1.0,10,11,1.0,5,,9.0,1,9.9,24,2,Medium
EMP0512,46,Female,Operations,Junior,19,23,36719,14.0,16,14,1.0,5,2.0,,3,7.7,4,1,Low
EMP0513,25,Male,Operations,Mid,12,13,78702,56.0,29,7,1.0,3,5.0,18.0,0,7.8,36,2,Medium
EMP0514,57,Female,IT,Lead,14,20,116363,74.0,7,6,1.0,2,1.0,6.0,2,3.3,77,1,Low
EMP0515,27,Female,HR,Mid,13,16,78718,33.0,28,13,3.0,5,4.0,24.0,2,7.2,58,3,High
EMP0516,52,Male,Operations,Junior,18,25,40591,67.0,5,18,2.0,5,4.0,18.0,0,6.4,32,2,Medium
EMP0517,40,Male,Sales,Senior,5,11,117841,74.0,23,13,5.0,2,4.0,23.0,1,3.7,9,3,High
EMP0518,48,Male,IT,Lead,9,15,108012,28.0,3,12,,1,5.0,14.0,0,4.9,80,2,Medium
EMP0519,31,Male,Operations,Junior,14,22,48029,65.0,18,0,2.0,5,5.0,8.0,1,9.2,67,3,High
EMP0520,47,Male,IT,Senior,19,19,80767,15.0,11,18,4.0,1,3.0,9.0,2,6.8,20,3,High
EMP0521,40,Male,Sales,Lead,5,14,103895,38.0,15,0,1.0,5,3.0,22.0,3,5.9,74,1,Low
EMP0522,24,Male,HR,Mid,9,14,75258,76.0,21,3,3.0,4,3.0,19.0,1,3.5,62,2,Medium
EMP0523,34,Female,Operations,Manager,6,11,162968,,20,9,1.0,3,4.0,19.0,1,8.0,58,2,Medium
EMP0524,49,Female,Finance,Senior,16,21,95332,80.0,5,2,1.0,5,5.0,3.0,0,7.9,22,2,Medium
EMP0525,41,Female,IT,Senior,17,22,94621,,24,19,2.0,4,4.0,5.0,2,7.3,67,3,High
EMP0526,49,Male,IT,Senior,16,25,91334,43.0,12,8,4.0,2,3.0,3.0,3,6.6,75,3,High
EMP0527,29,Female,HR,Junior,8,14,48174,18.0,4,2,1.0,4,5.0,4.0,0,6.0,89,2,Medium
EMP0528,22,Male,Finance,Junior,9,18,30885,70.0,15,5,5.0,2,2.0,8.0,0,7.2,48,2,Medium
EMP0529,24,Male,Marketing,Mid,9,14,57734,7.0,9,5,5.0,5,1.0,11.0,3,4.6,8,2,Medium
EMP0530,34,Female,Sales,Junior,6,6,33906,76.0,7,11,1.0,2,1.0,22.0,2,9.6,73,2,Medium
EMP0531,49,Male,Operations,Mid,15,17,54492,65.0,10,0,2.0,4,3.0,7.0,3,7.1,15,2,Medium
EMP0532,46,Female,Sales,Lead,17,18,142498,40.0,29,15,2.0,3,4.0,20.0,0,5.2,32,2,Medium
EMP0533,54,Female,IT,Lead,5,10,102073,74.0,28,4,3.0,1,2.0,4.0,0,6.1,53,2,Medium
EMP0534,59,Male,Sales,Senior,19,26,86269,87.0,23,8,4.0,1,5.0,28.0,1,8.6,67,3,High
EMP0535,27,Male,IT,Lead,0,2,117194,69.0,13,9,2.0,3,4.0,10.0,3,4.1,4,2,Medium
EMP0536,53,Male,HR,Senior,0,9,106811,60.0,29,12,3.0,1,3.0,22.0,3,5.0,30,2,Medium
EMP0537,42,Female,HR,Mid,11,18,56841,25.0,8,14,5.0,5,4.0,10.0,3,7.8,13,2,Medium
EMP0538,37,Male,Sales,Junior,1,8,40955,70.0,12,11,5.0,5,3.0,12.0,0,5.2,21,2,Medium
EMP0539,42,Male,Finance,Mid,3,7,52032,82.0,22,4,5.0,4,1.0,13.0,2,8.5,41,3,High
EMP0540,32,Male,Sales,Senior,16,23,89699,69.0,24,4,1.0,4,1.0,27.0,0,3.9,19,1,Low
EMP0541,58,Female,Marketing,Mid,3,8,62737,28.0,19,17,,2,4.0,7.0,1,8.3,48,3,High
EMP0542,57,Male,R&D,Senior,10,14,90762,65.0,26,11,3.0,4,2.0,24.0,0,3.5,86,2,Medium
EMP0543,56,Male,IT,Junior,3,11,37129,18.0,26,2,4.0,5,5.0,29.0,0,3.1,63,2,Medium
EMP0544,40,Female,HR,Senior,0,6,82147,67.0,1,6,1.0,4,3.0,17.0,0,9.3,20,2,Medium
EMP0545,41,Female,IT,Lead,6,13,133383,57.0,16,16,3.0,1,5.0,18.0,1,7.1,64,2,Medium
EMP0546,39,Male,Sales,Senior,17,17,113715,69.0,22,18,3.0,2,1.0,11.0,3,5.5,37,3,High
EMP0547,35,Male,IT,Manager,8,9,158445,56.0,17,17,2.0,2,2.0,11.0,2,4.6,31,2,Medium
EMP0548,36,Male,Marketing,Lead,2,9,140634,36.0,25,0,4.0,5,2.0,17.0,2,7.3,74,2,Medium
EMP0549,52,Female,Finance,Lead,7,15,102013,60.0,18,4,4.0,4,5.0,9.0,1,6.6,18,2,Medium
EMP0550,22,Male,Sales,Manager,18,21,173502,91.0,11,1,2.0,1,1.0,6.0,3,9.9,20,2,Medium
EMP0551,24,Female,Operations,Lead,3,12,137755,29.0,18,0,5.0,4,5.0,27.0,3,9.9,82,3,High
EMP0552,37,Female,HR,Senior,17,26,88733,70.0,7,6,1.0,3,4.0,17.0,1,7.4,11,2,Medium
EMP0553,44,Female,Operations,Junior,19,27,39479,72.0,18,10,4.0,4,2.0,11.0,0,6.1,86,2,Medium
EMP0554,32,Male,Finance,Mid,10,13,59825,24.0,26,10,2.0,5,2.0,13.0,3,6.4,44,1,Low
EMP0555,33,Female,Finance,Mid,13,22,71304,96.0,8,17,3.0,4,4.0,14.0,2,7.8,82,3,High
EMP0556,31,Female,Sales,Mid,17,26,52926,64.0,6,16,2.0,2,1.0,15.0,1,3.7,64,1,Low
EMP0557,53,Female,Sales,Mid,15,24,75928,5.0,7,1,5.0,1,2.0,1.0,2,5.3,34,2,Medium
EMP0558,37,Male,R&D,Manager,2,10,129490,17.0,23,6,1.0,5,3.0,29.0,0,3.5,87,1,Low
EMP0559,29,Other,IT,Lead,14,20,121252,9.0,22,6,5.0,3,3.0,29.0,1,3.5,65,1,Low
EMP0560,59,Male,R&D,Lead,3,4,139754,91.0,10,9,3.0,1,1.0,17.0,2,4.4,55,1,Low
EMP0561,33,Male,HR,Mid,4,12,56862,10.0,11,2,3.0,1,,11.0,2,6.4,74,2,Medium
EMP0562,45,Male,Sales,Junior,16,19,42159,96.0,25,11,3.0,2,5.0,15.0,0,8.5,1,3,High
EMP0563,49,Female,Sales,Junior,6,13,34423,64.0,13,2,,2,1.0,12.0,1,6.4,38,2,Medium
EMP0564,29,Male,IT,Mid,15,21,60450,76.0,9,10,2.0,2,5.0,19.0,3,5.3,9,2,Medium
EMP0565,49,Male,R&D,Junior,13,19,38159,83.0,7,11,3.0,5,1.0,16.0,3,3.6,95,2,Medium
EMP0566,57,Male,IT,Junior,15,22,32073,64.0,9,3,3.0,4,3.0,17.0,2,6.9,71,2,Medium
EMP0567,47,Male,IT,Lead,6,6,122554,51.0,13,15,2.0,1,4.0,2.0,0,4.9,17,2,Medium
EMP0568,29,Female,IT,Senior,8,12,111826,66.0,26,19,3.0,4,3.0,22.0,2,7.3,99,3,High
EMP0569,49,Female,Sales,Mid,3,4,60111,81.0,3,17,,4,4.0,9.0,0,9.8,52,3,High
EMP0570,49,Male,HR,Junior,10,11,36825,77.0,3,3,5.0,2,5.0,0.0,3,3.8,18,2,Medium
EMP0571,58,Male,Sales,Mid,1,1,60652,30.0,1,5,4.0,4,1.0,5.0,2,4.5,63,1,Low
EMP0572,57,Female,Operations,Junior,11,15,42454,90.0,21,14,5.0,1,2.0,2.0,2,6.3,33,3,High
EMP0573,48,Male,IT,Manager,11,12,160736,16.0,20,0,1.0,1,2.0,18.0,0,9.8,4,2,Medium
EMP0574,38,Male,IT,Mid,3,6,74530,54.0,2,2,1.0,3,4.0,3.0,1,8.4,87,2,Medium
EMP0575,30,Female,HR,Mid,17,19,62516,92.0,25,4,1.0,5,4.0,28.0,0,9.3,75,3,High
EMP0576,54,Female,IT,Mid,6,8,64290,35.0,3,16,2.0,4,3.0,19.0,1,5.3,52,2,Medium
EMP0577,41,Male,R&D,Junior,0,1,37776,25.0,15,13,5.0,5,2.0,22.0,3,9.9,9,2,Medium
EMP0578,34,Female,HR,Senior,12,17,88558,52.0,24,8,1.0,5,3.0,2.0,2,3.7,64,2,Medium
EMP0579,49,Male,Sales,Senior,5,6,88719,16.0,6,2,4.0,5,5.0,7.0,2,3.4,30,1,Low
EMP0580,50,Female,Finance,Senior,5,12,84886,,13,12,2.0,5,2.0,7.0,0,9.0,8,3,High
EMP0581,34,Male,Sales,Junior,11,18,34619,24.0,21,2,4.0,1,,26.0,0,9.5,5,3,High
EMP0582,56,Male,Sales,Mid,7,11,71575,1.0,1,10,5.0,4,1.0,28.0,3,3.6,76,1,Low
EMP0583,27,Male,R&D,Mid,18,27,63956,85.0,20,1,3.0,3,3.0,6.0,3,3.8,63,2,Medium
EMP0584,39,Female,Marketing,Lead,4,10,143113,4.0,19,14,4.0,5,4.0,1.0,1,3.2,1,2,Medium
EMP0585,26,Female,R&D,Mid,17,20,56875,3.0,1,12,3.0,3,2.0,20.0,3,3.7,15,1,Low
EMP0586,46,Male,HR,Mid,4,4,60100,35.0,28,18,2.0,1,3.0,5.0,3,4.5,89,3,High
EMP0587,23,Male,HR,Senior,9,10,87856,5.0,21,15,4.0,1,4.0,27.0,3,9.8,82,3,High
EMP0588,31,Female,Sales,Senior,0,9,118169,20.0,22,17,4.0,2,1.0,15.0,3,7.7,38,2,Medium
EMP0589,51,Male,IT,Mid,9,18,78804,76.0,2,6,2.0,5,2.0,9.0,1,8.4,42,2,Medium
EMP0590,26,Male,Operations,Mid,4,7,53022,88.0,15,12,2.0,2,5.0,3.0,3,8.4,46,3,High
EMP0591,54,Female,IT,Mid,11,11,61675,25.0,14,3,1.0,3,1.0,12.0,1,6.7,53,1,Low
EMP0592,22,Male,Operations,Lead,6,13,110912,54.0,19,8,5.0,4,4.0,9.0,0,8.6,26,3,High
EMP0593,39,Female,Marketing,Mid,8,16,55738,38.0,11,9,4.0,2,2.0,20.0,2,7.2,61,2,Medium
EMP0594,53,Female,Sales,Manager,11,14,187306,83.0,15,8,4.0,1,2.0,13.0,0,5.2,67,2,Medium
EMP0595,32,Male,HR,Mid,0,9,62305,32.0,6,6,2.0,5,1.0,8.0,3,6.9,54,2,Medium
EMP0596,42,Male,Finance,Manager,10,12,129969,13.0,20,14,2.0,3,2.0,10.0,2,6.7,22,2,Medium
EMP0597,47,Male,IT,Lead,14,15,112404,55.0,9,7,5.0,1,4.0,,3,8.8,26,2,Medium
EMP0598,46,Female,Operations,Mid,1,5,58989,99.0,5,18,2.0,4,1.0,17.0,3,9.9,83,2,Medium
EMP0599,43,Female,HR,Lead,19,21,135983,80.0,20,10,3.0,5,,10.0,0,5.9,60,2,Medium
EMP0600,48,Female,Sales,Junior,6,15,41980,20.0,2,4,3.0,4,1.0,16.0,3,8.3,39,2,Medium
EMP0601,34,Male,Finance,Manager,11,17,159462,45.0,6,1,3.0,4,1.0,1.0,0,3.7,36,1,Low
EMP0602,54,Female,R&D,Senior,17,22,99360,,26,9,3.0,5,5.0,2.0,3,8.4,21,3,High
EMP0603,55,Female,Sales,Junior,2,2,47136,15.0,18,15,5.0,5,4.0,10.0,1,5.6,41,3,High
EMP0604,56,Female,Operations,Senior,6,13,114160,83.0,28,12,4.0,4,3.0,17.0,2,3.3,48,3,High
EMP0605,22,Female,IT,Manager,10,11,126789,28.0,29,7,3.0,3,3.0,26.0,0,5.5,26,2,Medium
EMP0606,42,Female,Marketing,Junior,17,21,44385,91.0,23,8,2.0,5,5.0,2.0,0,7.3,63,3,High
EMP0607,27,Female,Marketing,Mid,11,19,67061,7.0,19,10,3.0,1,4.0,25.0,2,3.8,77,1,Low
EMP0608,49,Female,IT,Senior,5,12,80105,87.0,9,10,5.0,2,2.0,14.0,0,9.5,36,2,Medium
EMP0609,38,Male,IT,Lead,4,5,144247,2.0,27,15,2.0,3,,10.0,2,3.5,24,2,Medium
EMP0610,26,Male,Marketing,Mid,0,8,71137,88.0,21,9,,5,3.0,10.0,1,9.5,90,3,High
EMP0611,52,Female,HR,Junior,11,15,31946,18.0,24,11,4.0,5,4.0,27.0,3,7.9,21,3,High
EMP0612,26,Male,Marketing,Junior,10,19,35544,96.0,27,5,2.0,3,1.0,29.0,1,5.3,18,1,Low
EMP0613,59,Female,Sales,Mid,3,8,67479,65.0,6,11,2.0,2,4.0,27.0,3,5.7,15,2,Medium
EMP0614,24,Other,Operations,Mid,17,19,63275,78.0,14,9,4.0,4,4.0,24.0,2,8.2,79,3,High
EMP0615,44,Female,Marketing,Manager,3,5,183248,85.0,28,17,2.0,1,3.0,19.0,1,7.2,6,2,Medium
EMP0616,58,Male,Operations,Junior,16,25,31782,73.0,26,17,3.0,5,3.0,27.0,3,7.7,43,3,High
EMP0617,58,Male,Sales,Senior,1,8,99641,81.0,24,3,2.0,2,2.0,24.0,2,5.7,31,2,Medium
EMP0618,31,Male,Finance,Junior,1,10,36213,21.0,29,8,3.0,1,2.0,10.0,3,6.4,28,2,Medium
EMP0619,31,Female,Finance,Junior,11,20,44485,45.0,13,6,4.0,3,5.0,18.0,0,9.9,8,3,High
EMP0620,40,Female,IT,Mid,5,6,65605,90.0,11,17,1.0,5,1.0,27.0,0,4.5,29,1,Low
EMP0621,38,Female,HR,Mid,9,10,54869,12.0,12,7,4.0,4,2.0,0.0,2,5.9,21,2,Medium
EMP0622,42,Male,Sales,Senior,15,19,100390,32.0,19,10,3.0,3,3.0,26.0,3,5.0,81,2,Medium
EMP0623,35,Female,Marketing,Lead,13,18,109867,4.0,19,6,5.0,5,4.0,4.0,0,8.4,88,3,High
EMP0624,30,Female,HR,Senior,6,7,83981,89.0,21,8,4.0,2,5.0,9.0,1,8.3,58,3,High
EMP0625,22,Male,Sales,Manager,18,22,129493,76.0,27,7,5.0,1,2.0,,3,5.0,60,3,High
EMP0626,34,Female,Finance,Lead,16,22,105682,26.0,26,2,5.0,1,4.0,13.0,3,3.6,50,2,Medium
EMP0627,25,Male,HR,Mid,8,17,55782,77.0,19,16,3.0,5,4.0,1.0,0,3.1,31,2,Medium
EMP0628,22,Male,Sales,Lead,12,21,129799,23.0,24,1,3.0,3,2.0,3.0,0,6.0,47,2,Medium
EMP0629,53,Female,R&D,Senior,4,11,96984,66.0,26,14,1.0,4,1.0,1.0,2,5.9,34,3,High
EMP0630,55,Male,R&D,Junior,4,10,43012,62.0,13,13,2.0,2,1.0,17.0,3,9.9,2,2,Medium
EMP0631,49,Female,HR,Senior,9,16,102760,93.0,28,17,4.0,5,5.0,,1,6.3,67,3,High
EMP0632,52,Female,Sales,Junior,9,17,31524,98.0,14,15,3.0,2,1.0,18.0,0,4.8,94,2,Medium
EMP0633,29,Female,Marketing,Mid,6,10,70150,47.0,24,19,4.0,1,5.0,4.0,3,9.2,72,3,High
EMP0634,47,Male,HR,Senior,14,18,106120,62.0,18,3,5.0,4,,19.0,0,6.4,52,3,High
EMP0635,55,Female,IT,Junior,6,15,30078,77.0,12,19,2.0,2,2.0,1.0,2,7.2,7,2,Medium
EMP0636,24,Female,HR,Junior,14,17,33123,11.0,4,5,1.0,5,4.0,10.0,3,3.7,76,1,Low
EMP0637,33,Female,HR,Lead,2,10,125473,27.0,10,5,4.0,4,5.0,29.0,3,5.7,19,2,Medium
EMP0638,22,Male,Finance,Senior,18,22,119832,43.0,29,10,2.0,3,1.0,29.0,2,9.6,90,2,Medium
EMP0639,26,Male,IT,Junior,9,10,43068,92.0,17,16,1.0,5,,25.0,1,7.1,92,2,Medium
EMP0640,51,Female,Finance,Senior,14,23,88417,42.0,4,2,4.0,2,5.0,17.0,0,5.4,15,2,Medium
EMP0641,51,Male,Operations,Mid,2,9,63362,16.0,12,12,2.0,4,1.0,,2,7.4,78,1,Low
EMP0642,38,Female,IT,Mid,5,11,51209,39.0,13,2,3.0,5,1.0,5.0,3,9.4,48,2,Medium
EMP0643,44,Female,Marketing,Manager,11,18,157921,48.0,29,15,4.0,4,2.0,22.0,2,4.9,14,2,Medium
EMP0644,36,Male,Operations,Senior,14,16,84898,84.0,27,14,2.0,4,4.0,27.0,3,6.5,3,2,Medium
EMP0645,58,Female,HR,Mid,5,8,79413,56.0,29,10,1.0,4,2.0,9.0,2,9.7,50,3,High
EMP0646,42,Female,IT,Lead,12,16,118562,86.0,4,17,2.0,2,2.0,21.0,1,4.2,93,2,Medium
EMP0647,35,Female,Finance,Lead,18,23,110871,83.0,10,14,3.0,5,1.0,22.0,3,8.0,54,2,Medium
EMP0648,23,Female,Finance,Junior,2,2,37610,63.0,25,4,4.0,1,1.0,16.0,2,7.3,6,2,Medium
EMP0649,32,Female,Operations,Junior,7,10,41077,74.0,3,15,4.0,1,4.0,21.0,1,7.8,49,2,Medium
EMP0650,59,Male,HR,Junior,7,16,45791,56.0,15,15,4.0,2,5.0,10.0,1,5.5,23,3,High
EMP0651,55,Male,R&D,Senior,19,23,115312,97.0,2,16,3.0,2,2.0,18.0,0,5.2,92,2,Medium
EMP0652,59,Female,Sales,Senior,14,20,118290,73.0,25,8,1.0,4,4.0,16.0,3,7.8,78,3,High
EMP0653,55,Male,Sales,Senior,3,7,82370,73.0,25,2,4.0,5,2.0,23.0,0,4.5,78,2,Medium
EMP0654,39,Male,Finance,Manager,18,18,139665,69.0,17,19,1.0,5,5.0,3.0,1,5.9,20,3,High
EMP0655,51,Male,IT,Senior,2,8,84710,99.0,6,12,2.0,3,2.0,25.0,0,4.3,77,1,Low
EMP0656,36,Female,IT,Junior,12,19,30328,87.0,26,2,,3,3.0,23.0,0,3.1,91,1,Low
EMP0657,48,Female,IT,Mid,7,13,63683,75.0,8,6,1.0,1,4.0,,2,9.8,60,3,High
EMP0658,55,Female,IT,Mid,15,18,55579,42.0,3,5,4.0,3,1.0,13.0,0,6.0,99,2,Medium
EMP0659,59,Female,Sales,Mid,12,19,70612,22.0,27,8,5.0,3,2.0,26.0,1,9.8,45,2,Medium
EMP0660,54,Female,R&D,Senior,2,6,86794,26.0,25,11,5.0,1,4.0,19.0,0,4.0,61,2,Medium
EMP0661,45,Male,IT,Lead,15,24,132888,57.0,18,14,3.0,1,4.0,3.0,3,7.1,56,3,High
EMP0662,36,Female,Marketing,Mid,8,16,56749,36.0,22,19,3.0,3,2.0,27.0,2,4.4,2,2,Medium
EMP0663,51,Male,Marketing,Mid,13,22,63763,5.0,1,2,5.0,5,1.0,13.0,1,8.5,45,2,Medium
EMP0664,38,Female,R&D,Senior,12,16,100608,64.0,29,9,2.0,3,1.0,25.0,0,8.5,40,2,Medium
EMP0665,26,Female,Sales,Mid,6,6,65450,5.0,16,0,4.0,4,2.0,3.0,3,3.8,24,1,Low
EMP0666,50,Male,Operations,Junior,14,22,33675,49.0,7,18,4.0,4,4.0,5.0,1,9.4,29,3,High
EMP0667,25,Male,HR,Mid,6,10,72078,21.0,3,18,2.0,4,1.0,29.0,0,4.4,67,1,Low
EMP0668,31,Male,Finance,Junior,5,10,48460,87.0,23,12,2.0,2,2.0,8.0,2,7.3,68,2,Medium
EMP0669,38,Male,Finance,Manager,1,4,176017,24.0,4,11,5.0,4,2.0,20.0,0,9.9,66,2,Medium
EMP0670,31,Male,Operations,Junior,8,13,35643,78.0,9,0,3.0,5,2.0,11.0,1,9.2,84,2,Medium
EMP0671,38,Female,IT,Mid,16,23,74908,89.0,5,18,,2,,28.0,1,9.7,54,2,Medium
EMP0672,41,Female,Marketing,Mid,4,6,61560,71.0,19,15,3.0,2,,25.0,1,5.4,53,1,Low
EMP0673,45,Female,HR,Manager,11,15,174401,50.0,15,14,1.0,4,4.0,29.0,3,3.7,79,2,Medium
EMP0674,26,Female,Marketing,Junior,0,1,47700,87.0,8,15,4.0,3,3.0,7.0,0,4.3,49,2,Medium
EMP0675,55,Female,R&D,Junior,9,10,47580,47.0,6,10,5.0,1,1.0,23.0,0,6.5,32,1,Low
EMP0676,27,Female,IT,Junior,10,16,45383,69.0,18,5,4.0,3,4.0,3.0,0,8.6,61,3,High
EMP0677,23,Male,R&D,Junior,15,24,33170,98.0,19,10,5.0,3,1.0,26.0,2,4.1,42,2,Medium
EMP0678,34,Female,Sales,Junior,13,22,30355,64.0,24,2,1.0,2,,25.0,3,7.6,1,2,Medium
EMP0679,32,Male,Sales,Senior,7,16,108810,59.0,15,14,4.0,2,5.0,24.0,3,5.3,63,2,Medium
EMP0680,44,Female,Sales,Junior,16,21,39718,45.0,26,0,1.0,2,,24.0,2,5.4,35,2,Medium
EMP0681,37,Female,IT,Junior,17,20,30028,35.0,7,6,5.0,5,4.0,4.0,3,7.6,51,2,Medium
EMP0682,52,Female,Finance,Lead,11,15,147599,57.0,10,0,2.0,5,3.0,5.0,2,6.3,71,2,Medium
EMP0683,32,Male,Sales,Mid,16,16,67397,75.0,6,16,4.0,1,3.0,4.0,1,8.7,45,3,High
EMP0684,37,Female,Sales,Mid,13,19,60894,37.0,14,8,1.0,2,1.0,18.0,1,4.1,77,1,Low
EMP0685,29,Female,R&D,Mid,15,22,59019,10.0,17,12,4.0,4,1.0,26.0,3,8.5,65,2,Medium
EMP0686,25,Male,Operations,Manager,13,21,165406,11.0,9,10,4.0,2,2.0,7.0,1,3.4,14,1,Low
EMP0687,25,Male,Operations,Junior,8,15,44889,41.0,19,19,4.0,5,1.0,8.0,1,4.4,93,2,Medium
EMP0688,46,Female,Operations,Lead,3,7,102024,38.0,5,5,,2,4.0,14.0,1,7.6,3,2,Medium
EMP0689,24,Male,Marketing,Senior,10,12,118607,70.0,23,0,1.0,5,4.0,3.0,0,9.0,24,3,High
EMP0690,53,Female,Sales,Junior,5,14,43503,10.0,7,6,1.0,2,4.0,24.0,1,4.8,65,1,Low
EMP0691,24,Male,IT,Manager,14,22,174943,35.0,19,11,4.0,4,5.0,,0,5.3,48,3,High
EMP0692,48,Male,Marketing,Junior,4,9,40303,51.0,20,19,2.0,1,4.0,6.0,2,6.8,10,2,Medium
EMP0693,50,Female,IT,Junior,10,14,47138,30.0,26,18,4.0,4,1.0,7.0,2,4.5,13,2,Medium
EMP0694,53,Male,Finance,Lead,17,19,125345,32.0,7,16,3.0,5,1.0,14.0,2,8.7,73,2,Medium
EMP0695,40,Female,Sales,Senior,12,17,109505,12.0,24,3,5.0,3,4.0,18.0,2,8.4,14,3,High
EMP0696,42,Male,IT,Senior,10,12,81906,,2,2,3.0,4,3.0,14.0,2,4.0,10,1,Low
EMP0697,26,Male,HR,Junior,13,22,37399,40.0,25,0,2.0,2,3.0,4.0,1,6.2,40,2,Medium
EMP0698,39,Female,Finance,Mid,17,22,57961,57.0,23,17,4.0,1,3.0,18.0,1,8.4,23,3,High
EMP0699,49,Male,Finance,Senior,18,21,106140,55.0,16,14,1.0,2,,6.0,1,5.4,99,2,Medium
EMP0700,43,Female,Finance,Mid,14,15,75794,23.0,13,7,4.0,2,5.0,5.0,2,7.4,55,3,High
EMP0701,42,Female,Sales,Mid,8,15,70985,72.0,8,0,2.0,4,4.0,26.0,2,3.4,63,1,Low
EMP0702,27,Female,Sales,Junior,7,10,42031,,6,19,,1,2.0,18.0,0,7.3,71,1,Low
EMP0703,22,Male,Operations,Junior,19,27,45128,54.0,6,13,,3,3.0,24.0,3,4.1,42,2,Medium
EMP0704,26,Male,Finance,Lead,0,6,115663,9.0,9,3,5.0,2,4.0,27.0,1,8.8,99,2,Medium
EMP0705,33,Female,Sales,Mid,3,4,51460,59.0,4,4,5.0,1,2.0,16.0,3,5.5,66,2,Medium
EMP0706,47,Female,Operations,Manager,13,16,148561,1.0,27,12,4.0,3,1.0,9.0,2,5.0,79,3,High
EMP0707,55,Female,IT,Mid,1,5,67800,14.0,11,14,3.0,2,3.0,18.0,2,8.9,73,2,Medium
EMP0708,35,Male,HR,Senior,15,17,87766,2.0,5,5,2.0,1,2.0,10.0,2,3.4,47,1,Low
EMP0709,47,Male,Sales,Junior,2,10,47812,42.0,25,0,5.0,4,1.0,14.0,3,5.8,81,2,Medium
EMP0710,48,Female,Marketing,Mid,7,11,54378,30.0,17,18,3.0,2,3.0,9.0,0,5.6,52,2,Medium
EMP0711,30,Female,Finance,Junior,5,6,37529,69.0,20,12,4.0,2,5.0,10.0,2,5.0,18,3,High
EMP0712,47,Female,IT,Mid,15,17,70858,66.0,7,5,1.0,1,3.0,22.0,0,9.4,79,2,Medium
EMP0713,43,Female,Operations,Mid,15,23,78869,55.0,27,14,4.0,2,5.0,2.0,0,8.3,18,3,High
EMP0714,51,Female,IT,Manager,6,12,188607,62.0,15,15,4.0,3,5.0,29.0,1,3.4,24,2,Medium
EMP0715,38,Male,IT,Senior,12,13,96939,74.0,25,15,3.0,2,5.0,2.0,3,8.0,23,3,High
EMP0716,47,Male,Sales,Junior,12,20,47947,14.0,15,9,5.0,5,4.0,17.0,2,6.7,12,2,Medium
EMP0717,57,Male,IT,Junior,4,7,41692,91.0,14,8,3.0,3,4.0,24.0,0,9.3,23,2,Medium
EMP0718,22,Male,Sales,Junior,19,27,31040,9.0,13,8,1.0,1,5.0,10.0,3,5.2,21,2,Medium
EMP0719,29,Female,Finance,Mid,17,18,52686,37.0,11,16,3.0,3,1.0,19.0,3,7.0,64,2,Medium
EMP0720,56,Male,Operations,Senior,14,23,92666,46.0,28,16,2.0,5,5.0,25.0,2,6.5,90,2,Medium
EMP0721,36,Female,HR,Manager,17,20,182119,56.0,13,16,4.0,5,2.0,28.0,1,6.4,72,2,Medium
EMP0722,43,Male,IT,Junior,1,5,32553,,26,11,5.0,2,5.0,21.0,1,6.2,94,3,High
EMP0723,35,Male,Sales,Mid,9,10,51779,70.0,22,12,1.0,2,4.0,17.0,0,4.4,34,3,High
EMP0724,47,Male,IT,Mid,12,21,63186,14.0,28,11,,4,4.0,24.0,1,8.3,2,3,High
EMP0725,49,Male,IT,Senior,17,17,96459,17.0,24,13,3.0,3,2.0,14.0,1,6.2,69,2,Medium
EMP0726,44,Female,Marketing,Mid,14,20,70710,81.0,29,9,2.0,4,2.0,6.0,1,9.7,31,3,High
EMP0727,35,Male,Sales,Senior,11,20,102219,87.0,9,18,3.0,5,3.0,9.0,3,4.8,97,3,High
EMP0728,45,Female,Marketing,Senior,14,14,85057,1.0,10,1,,2,1.0,,2,7.8,68,2,Medium
EMP0729,23,Male,Operations,Junior,12,19,48733,83.0,4,3,1.0,2,1.0,22.0,3,9.6,70,2,Medium
EMP0730,47,Male,HR,Senior,17,19,99157,97.0,17,18,5.0,2,1.0,29.0,3,7.6,87,2,Medium
EMP0731,35,Male,Operations,Junior,14,23,32262,42.0,14,6,4.0,1,4.0,19.0,2,9.1,19,3,High
EMP0732,28,Female,Finance,Senior,10,15,99613,25.0,24,14,1.0,5,1.0,28.0,3,8.8,72,2,Medium
EMP0733,24,Female,Finance,Mid,18,24,60308,70.0,18,14,4.0,2,3.0,9.0,0,5.5,13,3,High
EMP0734,44,Male,HR,Mid,2,11,66776,37.0,11,5,2.0,5,3.0,12.0,0,7.2,65,2,Medium
EMP0735,39,Male,HR,Lead,6,6,117492,93.0,16,2,,2,1.0,14.0,3,4.1,6,2,Medium
EMP0736,59,Female,IT,Lead,13,18,120746,41.0,1,5,5.0,3,2.0,22.0,1,6.7,71,2,Medium
EMP0737,56,Male,IT,Lead,13,19,105188,4.0,29,15,,5,3.0,17.0,3,4.6,27,2,Medium
EMP0738,36,Male,IT,Mid,12,17,58802,10.0,7,1,5.0,4,2.0,22.0,1,8.2,79,1,Low
EMP0739,46,Female,Finance,Senior,11,14,109680,64.0,28,6,5.0,1,4.0,3.0,3,6.7,52,3,High
EMP0740,58,Female,Sales,Mid,8,8,55057,33.0,10,10,5.0,4,3.0,19.0,0,5.9,98,2,Medium
EMP0741,49,Male,Operations,Lead,0,8,136766,0.0,9,6,1.0,5,2.0,16.0,1,4.9,87,1,Low
EMP0742,31,Female,Marketing,Mid,18,21,58864,82.0,27,3,1.0,2,1.0,27.0,0,10.0,48,2,Medium
EMP0743,38,Female,IT,Manager,10,16,175718,1.0,28,19,5.0,5,4.0,2.0,3,3.5,88,2,Medium
EMP0744,43,Male,Sales,Manager,18,24,156445,84.0,28,6,3.0,1,5.0,20.0,2,3.3,79,3,High
EMP0745,47,Female,Operations,Senior,17,18,85796,19.0,25,3,4.0,5,5.0,20.0,1,4.5,99,2,Medium
EMP0746,46,Female,Operations,Junior,11,11,44450,60.0,3,11,5.0,2,1.0,1.0,1,9.8,68,3,High
EMP0747,38,Male,Marketing,Junior,0,7,36363,86.0,22,4,2.0,4,,3.0,3,9.9,44,3,High
EMP0748,34,Male,IT,Lead,18,25,108123,20.0,23,18,5.0,3,,0.0,3,7.6,17,3,High
EMP0749,41,Male,IT,Junior,19,25,38222,87.0,14,4,1.0,4,4.0,14.0,1,9.2,95,3,High
EMP0750,46,Female,Sales,Lead,16,23,124074,67.0,26,18,4.0,2,4.0,24.0,2,4.5,38,3,High
EMP0751,25,Male,Sales,Mid,4,6,63654,11.0,25,2,2.0,2,5.0,0.0,3,9.8,10,2,Medium
EMP0752,31,Female,Marketing,Mid,2,3,67784,21.0,15,10,4.0,1,2.0,5.0,3,4.0,54,2,Medium
EMP0753,24,Female,Marketing,Lead,1,7,129825,19.0,2,6,4.0,5,4.0,6.0,3,3.7,91,2,Medium
EMP0754,39,Male,Finance,Senior,2,9,116839,81.0,24,16,2.0,5,2.0,18.0,2,3.8,6,2,Medium
EMP0755,57,Female,Operations,Mid,7,7,58808,0.0,14,8,5.0,4,4.0,11.0,1,7.0,6,2,Medium
EMP0756,43,Male,Finance,Mid,15,24,79210,,16,8,5.0,3,3.0,0.0,0,8.5,52,3,High
EMP0757,55,Female,HR,Mid,5,13,52786,96.0,7,9,5.0,3,3.0,6.0,3,5.6,15,2,Medium
EMP0758,29,Female,IT,Senior,12,15,113638,23.0,4,12,3.0,1,3.0,18.0,2,9.8,68,2,Medium
EMP0759,40,Male,R&D,Junior,15,18,34196,13.0,18,14,5.0,2,4.0,12.0,1,6.0,57,3,High
EMP0760,58,Male,Sales,Manager,15,17,145988,35.0,24,4,2.0,1,2.0,25.0,1,4.1,56,1,Low
EMP0761,27,Male,R&D,Lead,2,7,135507,68.0,27,2,3.0,5,5.0,11.0,2,6.3,7,2,Medium
EMP0762,47,Male,Operations,Mid,12,12,50940,74.0,5,7,5.0,2,1.0,,3,7.8,51,2,Medium
EMP0763,55,Male,Sales,Senior,13,18,113108,23.0,6,19,3.0,1,5.0,21.0,0,8.8,58,2,Medium
EMP0764,27,Male,Finance,Mid,7,8,77484,59.0,27,9,2.0,4,4.0,12.0,3,6.2,64,2,Medium
EMP0765,58,Other,Operations,Mid,11,19,79715,94.0,7,12,5.0,5,3.0,27.0,1,7.2,26,2,Medium
EMP0766,54,Male,Finance,Manager,7,8,143806,54.0,15,2,1.0,3,3.0,,0,4.9,58,2,Medium
EMP0767,43,Male,Operations,Junior,8,14,34133,76.0,26,7,2.0,1,2.0,21.0,3,7.5,31,2,Medium
EMP0768,42,Female,R&D,Junior,0,0,47043,79.0,1,8,4.0,5,4.0,29.0,0,9.9,66,3,High
EMP0769,27,Male,IT,Mid,5,11,60225,23.0,24,11,4.0,5,5.0,11.0,2,3.3,92,2,Medium
EMP0770,27,Female,IT,Mid,18,22,59752,76.0,4,10,,3,4.0,19.0,3,9.2,13,3,High
EMP0771,25,Female,R&D,Mid,10,17,53457,23.0,29,1,4.0,3,4.0,11.0,1,6.9,18,2,Medium
EMP0772,51,Female,Finance,Senior,10,13,89241,53.0,25,17,2.0,3,3.0,26.0,1,4.8,94,2,Medium
EMP0773,32,Male,Sales,Senior,12,21,80453,25.0,1,8,1.0,1,5.0,5.0,0,9.7,75,2,Medium
EMP0774,51,Male,Sales,Senior,10,16,89896,65.0,11,1,2.0,3,1.0,26.0,2,6.4,13,2,Medium
EMP0775,52,Male,Finance,Junior,17,22,40976,79.0,18,1,5.0,4,3.0,9.0,3,5.3,24,3,High
EMP0776,45,Female,R&D,Mid,14,18,65872,37.0,14,2,5.0,5,5.0,19.0,2,4.3,57,2,Medium
EMP0777,30,Male,Operations,Junior,0,3,30818,64.0,22,15,3.0,3,2.0,28.0,2,4.7,29,2,Medium
EMP0778,24,Male,Finance,Junior,6,12,34868,74.0,11,18,4.0,5,3.0,23.0,0,8.8,56,3,High
EMP0779,52,Other,Sales,Mid,12,16,66396,50.0,10,3,4.0,2,2.0,8.0,0,7.3,54,2,Medium
EMP0780,58,Male,IT,Junior,11,15,42171,,27,17,,2,3.0,1.0,3,9.4,5,3,High
EMP0781,57,Male,Operations,Junior,17,17,30920,42.0,17,19,4.0,3,4.0,6.0,1,4.6,35,3,High
EMP0782,45,Male,Sales,Junior,18,19,48802,28.0,4,17,5.0,5,5.0,8.0,3,3.8,19,2,Medium
EMP0783,52,Female,IT,Manager,14,18,122017,,24,9,1.0,2,2.0,24.0,2,3.0,55,1,Low
EMP0784,27,Male,Sales,Manager,7,9,127957,80.0,15,10,2.0,3,3.0,11.0,0,6.6,77,2,Medium
EMP0785,23,Female,Finance,Senior,18,19,84792,57.0,26,16,4.0,5,2.0,4.0,2,10.0,69,3,High
EMP0786,41,Female,R&D,Manager,9,12,175982,53.0,16,19,5.0,3,3.0,0.0,0,7.9,44,3,High
EMP0787,49,Male,IT,Senior,6,9,93237,38.0,21,15,3.0,5,3.0,,1,5.2,78,2,Medium
EMP0788,32,Female,HR,Mid,17,20,68818,41.0,13,19,4.0,2,1.0,14.0,2,9.1,38,3,High
EMP0789,25,Male,Finance,Junior,15,18,46251,27.0,9,12,1.0,3,1.0,7.0,0,8.5,62,2,Medium
EMP0790,36,Male,R&D,Senior,19,21,99252,28.0,11,1,1.0,2,1.0,0.0,3,3.1,22,1,Low
EMP0791,27,Female,Sales,Senior,5,11,90707,42.0,11,1,4.0,3,2.0,17.0,3,8.7,73,3,High
EMP0792,51,Female,HR,Senior,8,16,114206,2.0,6,13,4.0,1,4.0,12.0,3,5.1,40,3,High
EMP0793,59,Female,IT,Senior,12,16,108740,9.0,1,3,5.0,2,3.0,28.0,2,4.0,26,1,Low
EMP0794,23,Male,Operations,Mid,7,10,53543,58.0,22,16,4.0,2,5.0,0.0,0,4.6,5,3,High
EMP0795,36,Male,HR,Senior,15,16,119111,13.0,6,12,3.0,4,1.0,4.0,0,6.3,93,2,Medium
EMP0796,32,Male,Sales,Manager,12,13,155031,75.0,13,3,5.0,2,2.0,17.0,0,6.0,54,2,Medium
EMP0797,29,Male,Finance,Mid,12,16,60161,46.0,22,2,2.0,5,2.0,15.0,2,5.0,86,2,Medium
EMP0798,47,Male,Marketing,Senior,16,22,80211,,24,11,3.0,3,2.0,,0,4.2,49,2,Medium
EMP0799,26,Male,Sales,Mid,19,28,75083,93.0,22,7,,1,5.0,9.0,1,8.3,3,3,High
EMP0800,27,Male,Operations,Senior,4,13,119795,31.0,5,1,5.0,5,5.0,29.0,2,9.9,92,3,High
EMP0801,47,Male,Sales,Senior,16,24,80331,31.0,15,5,1.0,5,1.0,3.0,1,8.4,38,2,Medium
EMP0802,25,Male,Finance,Junior,8,14,38169,41.0,27,9,5.0,5,5.0,0.0,1,5.1,14,3,High
EMP0803,40,Male,IT,Senior,1,5,102104,31.0,18,11,3.0,5,1.0,22.0,3,4.7,47,2,Medium
EMP0804,41,Female,Marketing,Junior,17,26,39133,25.0,20,9,4.0,1,5.0,,2,4.5,14,3,High
EMP0805,54,Male,IT,Senior,8,17,94591,0.0,14,9,3.0,4,5.0,4.0,0,4.0,75,1,Low
EMP0806,41,Female,Operations,Mid,5,14,66125,55.0,15,2,2.0,2,5.0,1.0,1,6.9,73,2,Medium
EMP0807,33,Female,Marketing,Senior,10,15,80727,1.0,26,19,5.0,5,1.0,23.0,2,7.2,38,2,Medium
EMP0808,22,Male,Finance,Junior,5,7,41054,80.0,5,9,5.0,2,3.0,16.0,0,7.9,64,2,Medium
EMP0809,47,Female,Marketing,Senior,5,9,116011,29.0,26,8,5.0,2,1.0,6.0,3,7.8,44,2,Medium
EMP0810,35,Female,Marketing,Junior,12,19,47032,70.0,4,19,5.0,5,3.0,16.0,2,5.0,70,2,Medium
EMP0811,59,Female,Sales,Lead,10,10,137863,51.0,2,18,1.0,4,2.0,27.0,2,5.3,65,1,Low
EMP0812,58,Male,IT,Manager,13,13,130929,90.0,7,13,1.0,2,,5.0,2,7.8,25,2,Medium
EMP0813,32,Male,R&D,Manager,1,7,180091,8.0,10,1,4.0,3,1.0,28.0,0,5.4,16,1,Low
EMP0814,57,Male,Sales,Senior,7,11,94842,21.0,16,4,5.0,2,3.0,21.0,1,4.5,15,2,Medium
EMP0815,34,Female,Marketing,Senior,2,6,103519,33.0,10,19,2.0,5,3.0,14.0,1,5.6,98,2,Medium
EMP0816,24,Female,R&D,Junior,2,2,47393,48.0,18,7,4.0,1,3.0,,2,4.9,81,3,High
EMP0817,54,Female,Sales,Mid,0,8,51550,0.0,17,6,5.0,2,2.0,14.0,2,3.6,3,1,Low
EMP0818,27,Female,Finance,Mid,18,18,58995,72.0,21,5,1.0,4,1.0,17.0,0,8.8,67,2,Medium
EMP0819,31,Female,HR,Senior,17,21,108656,83.0,28,10,2.0,3,,17.0,3,9.0,37,3,High
EMP0820,26,Male,Finance,Lead,16,25,147934,52.0,13,11,4.0,3,3.0,24.0,2,4.5,81,2,Medium
EMP0821,44,Male,Sales,Junior,19,27,37492,82.0,1,17,2.0,1,3.0,20.0,2,3.5,55,2,Medium
EMP0822,31,Female,Sales,Manager,12,15,148840,99.0,1,18,5.0,1,4.0,20.0,3,8.2,38,3,High
EMP0823,23,Male,Finance,Senior,2,9,103831,39.0,15,9,3.0,2,1.0,22.0,2,4.5,63,2,Medium
EMP0824,34,Male,Operations,Senior,0,5,93265,44.0,1,13,2.0,5,3.0,5.0,1,5.8,1,1,Low
EMP0825,23,Male,Marketing,Junior,3,5,35424,67.0,6,2,2.0,4,1.0,1.0,2,3.4,71,1,Low
EMP0826,41,Male,HR,Junior,12,15,44086,8.0,25,17,1.0,3,3.0,26.0,1,4.6,90,1,Low
EMP0827,22,Female,Sales,Mid,16,17,79187,21.0,26,14,5.0,1,5.0,16.0,0,8.6,19,3,High
EMP0828,58,Female,Finance,Senior,10,10,115929,17.0,13,5,2.0,4,3.0,20.0,0,8.6,52,2,Medium
EMP0829,30,Female,IT,Junior,1,8,39215,75.0,27,9,5.0,5,5.0,3.0,1,4.4,30,3,High
EMP0830,38,Female,Operations,Mid,15,15,56617,42.0,28,11,1.0,3,1.0,11.0,1,5.4,55,2,Medium
EMP0831,30,Male,Operations,Lead,1,1,122044,38.0,1,6,5.0,3,3.0,18.0,3,3.9,14,1,Low
EMP0832,32,Male,Marketing,Lead,18,21,111926,72.0,5,16,1.0,5,2.0,1.0,1,3.5,13,1,Low
EMP0833,36,Female,R&D,Manager,18,27,145008,5.0,9,0,1.0,3,2.0,25.0,1,9.9,84,1,Low
EMP0834,45,Male,Sales,Mid,15,24,66160,82.0,25,17,4.0,5,4.0,1.0,2,7.6,90,3,High
EMP0835,59,Female,Marketing,Mid,18,23,67560,47.0,17,14,5.0,3,2.0,13.0,3,6.8,27,2,Medium
EMP0836,56,Female,IT,Senior,8,16,104340,6.0,16,18,3.0,2,,14.0,1,8.4,89,3,High
EMP0837,51,Male,Operations,Mid,0,0,74976,79.0,8,0,4.0,5,2.0,19.0,1,8.9,9,2,Medium
EMP0838,52,Female,IT,Junior,9,15,45638,68.0,17,4,1.0,4,2.0,1.0,1,8.6,41,3,High
EMP0839,26,Female,Marketing,Junior,18,27,32233,,15,14,3.0,2,2.0,3.0,2,3.1,48,2,Medium
EMP0840,35,Female,Operations,Mid,0,4,77021,0.0,24,2,2.0,4,3.0,18.0,2,4.3,12,1,Low
EMP0841,32,Male,Sales,Junior,1,8,34700,36.0,1,0,2.0,3,4.0,8.0,2,7.6,10,2,Medium
EMP0842,30,Male,IT,Mid,15,21,61027,,12,7,4.0,4,1.0,6.0,0,5.6,6,2,Medium
EMP0843,55,Male,Marketing,Junior,11,14,37860,36.0,5,11,3.0,2,4.0,29.0,2,9.9,34,3,High
EMP0844,33,Male,HR,Junior,7,10,37526,80.0,24,18,5.0,5,5.0,12.0,1,7.7,52,3,High
EMP0845,56,Male,IT,Senior,17,22,118327,63.0,6,11,3.0,1,3.0,26.0,2,9.7,41,3,High
EMP0846,56,Female,IT,Mid,1,6,56732,89.0,25,12,4.0,4,3.0,11.0,2,4.4,83,3,High
EMP0847,22,Male,Sales,Senior,12,20,82513,85.0,1,0,5.0,1,2.0,2.0,3,9.0,6,3,High
EMP0848,43,Female,Operations,Junior,5,9,37830,61.0,25,18,5.0,4,,12.0,1,5.2,2,3,High
EMP0849,50,Female,Finance,Junior,5,12,44781,71.0,1,5,2.0,4,5.0,14.0,2,9.9,15,3,High
EMP0850,29,Female,Sales,Senior,8,12,87910,60.0,10,7,3.0,5,3.0,13.0,0,4.1,17,2,Medium
EMP0851,32,Male,IT,Mid,15,16,65847,32.0,10,3,5.0,3,1.0,23.0,3,6.6,16,2,Medium
EMP0852,58,Female,IT,Mid,10,15,55649,65.0,3,4,4.0,2,,8.0,2,8.5,28,3,High
EMP0853,35,Male,Sales,Mid,6,14,67480,29.0,17,6,2.0,2,3.0,,3,6.0,85,2,Medium
EMP0854,51,Male,IT,Lead,9,11,109120,19.0,19,3,5.0,2,1.0,22.0,3,6.3,72,2,Medium
EMP0855,56,Female,IT,Mid,9,9,51951,59.0,28,19,3.0,3,1.0,21.0,0,9.9,10,2,Medium
EMP0856,42,Male,IT,Mid,19,19,60165,81.0,11,3,2.0,1,4.0,3.0,0,6.0,10,2,Medium
EMP0857,58,Male,Marketing,Senior,17,19,94352,73.0,29,14,3.0,2,1.0,20.0,0,7.2,10,2,Medium
EMP0858,26,Female,IT,Mid,19,28,59746,23.0,18,4,3.0,1,5.0,7.0,1,3.4,73,2,Medium
EMP0859,40,Male,Finance,Mid,8,12,60970,3.0,2,8,3.0,3,,2.0,3,8.9,28,2,Medium
EMP0860,35,Male,Finance,Mid,14,16,78997,36.0,9,1,2.0,3,5.0,1.0,2,7.5,24,2,Medium
EMP0861,47,Male,Finance,Senior,3,11,104183,3.0,24,6,5.0,5,1.0,18.0,0,5.8,19,2,Medium
EMP0862,25,Female,Finance,Junior,7,14,38804,76.0,17,16,1.0,2,2.0,,0,3.1,97,1,Low
EMP0863,46,Female,HR,Junior,8,10,30595,88.0,28,15,5.0,5,1.0,22.0,3,7.1,68,2,Medium
EMP0864,46,Male,Operations,Mid,12,20,79592,76.0,14,16,2.0,2,5.0,7.0,3,3.1,56,2,Medium
EMP0865,39,Male,Finance,Lead,8,13,140643,17.0,4,19,,3,1.0,16.0,3,3.0,67,1,Low
EMP0866,29,Male,HR,Junior,3,9,35972,87.0,29,1,1.0,3,1.0,12.0,2,7.3,42,2,Medium
EMP0867,35,Male,Operations,Manager,16,19,135882,65.0,17,10,1.0,4,1.0,6.0,1,4.3,12,2,Medium
EMP0868,53,Female,Finance,Mid,15,18,50858,47.0,17,1,4.0,4,5.0,8.0,1,4.3,18,2,Medium
EMP0869,59,Male,IT,Manager,14,15,191055,32.0,12,0,2.0,3,1.0,11.0,0,7.6,23,2,Medium
EMP0870,54,Male,IT,Manager,2,6,143769,57.0,28,1,4.0,3,4.0,28.0,1,3.4,84,2,Medium
EMP0871,44,Female,Sales,Mid,19,26,75020,82.0,20,8,1.0,1,4.0,13.0,2,5.2,6,3,High
EMP0872,36,Female,Operations,Junior,4,10,39980,72.0,18,1,4.0,1,,13.0,1,4.0,53,2,Medium
EMP0873,54,Female,Marketing,Junior,4,10,34317,27.0,3,14,4.0,5,2.0,14.0,2,7.1,98,2,Medium
EMP0874,46,Male,R&D,Junior,19,24,49838,34.0,11,9,2.0,4,4.0,2.0,0,7.6,42,2,Medium
EMP0875,38,Male,Finance,Senior,14,16,92879,9.0,25,14,3.0,4,3.0,14.0,3,8.0,66,3,High
EMP0876,54,Male,HR,Junior,17,21,31030,64.0,18,9,4.0,3,4.0,18.0,2,4.8,30,3,High
EMP0877,23,Male,Sales,Mid,14,14,59487,41.0,4,16,4.0,3,3.0,23.0,3,3.6,9,2,Medium
EMP0878,35,Female,Finance,Mid,1,7,74290,84.0,17,8,1.0,5,,19.0,0,3.6,91,1,Low
EMP0879,27,Female,Finance,Lead,12,20,146073,8.0,18,17,,4,2.0,13.0,2,6.0,42,1,Low
EMP0880,27,Female,R&D,Junior,3,3,40255,59.0,5,3,1.0,1,3.0,7.0,2,9.6,34,2,Medium
EMP0881,24,Female,IT,Junior,9,10,31447,14.0,14,8,5.0,2,3.0,4.0,1,4.5,40,2,Medium
EMP0882,28,Male,HR,Junior,12,14,40237,98.0,10,15,4.0,5,4.0,29.0,2,4.8,88,3,High
EMP0883,29,Female,Finance,Lead,9,11,129195,56.0,15,3,1.0,2,3.0,18.0,0,3.7,17,1,Low
EMP0884,36,Male,Finance,Senior,8,15,82850,68.0,1,15,2.0,1,5.0,3.0,3,7.2,29,3,High
EMP0885,50,Female,Finance,Junior,7,13,41953,21.0,16,18,5.0,1,5.0,13.0,2,7.8,50,2,Medium
EMP0886,54,Male,Marketing,Junior,2,7,38106,,11,0,3.0,2,5.0,15.0,0,7.5,76,2,Medium
EMP0887,51,Male,IT,Junior,15,24,40000,40.0,23,5,4.0,5,4.0,19.0,0,9.0,95,3,High
EMP0888,48,Male,Marketing,Junior,13,22,39503,86.0,20,9,4.0,2,2.0,23.0,2,6.4,49,2,Medium
EMP0889,57,Female,Finance,Manager,8,11,124055,70.0,6,15,2.0,5,4.0,5.0,1,3.9,73,2,Medium
EMP0890,50,Male,Operations,Senior,10,18,118170,55.0,24,3,3.0,5,5.0,22.0,2,5.0,61,2,Medium
EMP0891,59,Male,Operations,Mid,2,2,77027,22.0,29,12,3.0,3,4.0,,2,7.6,83,2,Medium
EMP0892,54,Male,IT,Lead,4,5,132408,24.0,22,15,,4,5.0,5.0,1,7.3,46,3,High
EMP0893,58,Female,IT,Junior,9,12,39281,90.0,16,19,4.0,4,,2.0,0,6.7,46,2,Medium
EMP0894,48,Female,R&D,Senior,12,14,114440,5.0,2,5,1.0,1,1.0,14.0,2,7.8,17,1,Low
EMP0895,54,Female,HR,Lead,3,3,128251,33.0,1,10,2.0,3,3.0,28.0,1,7.5,66,1,Low
EMP0896,25,Male,Operations,Mid,12,16,54532,62.0,24,2,2.0,4,2.0,2.0,3,9.2,5,3,High
EMP0897,43,Female,Sales,Senior,11,17,84924,,24,19,2.0,5,1.0,10.0,3,7.1,54,2,Medium
EMP0898,23,Male,Finance,Junior,4,5,45269,59.0,9,9,,5,5.0,2.0,1,8.5,16,2,Medium
EMP0899,31,Female,Operations,Junior,9,13,42546,48.0,22,0,1.0,2,4.0,27.0,0,4.7,81,2,Medium
EMP0900,26,Female,R&D,Junior,8,13,36085,,12,19,1.0,2,4.0,9.0,1,7.7,91,2,Medium
EMP0901,31,Male,IT,Mid,19,25,62390,50.0,17,10,,5,3.0,17.0,0,9.3,7,3,High
EMP0902,54,Male,Marketing,Senior,6,6,93280,59.0,25,11,4.0,5,4.0,0.0,3,5.7,8,3,High
EMP0903,59,Male,HR,Manager,1,7,190400,69.0,28,13,1.0,2,1.0,15.0,2,8.5,72,2,Medium
EMP0904,34,Male,Sales,Senior,6,9,113989,36.0,29,7,5.0,4,4.0,15.0,1,8.1,87,3,High
EMP0905,52,Male,Finance,Lead,7,14,135628,30.0,15,10,3.0,1,1.0,26.0,3,3.4,96,1,Low
EMP0906,57,Female,Finance,Lead,6,9,126849,97.0,19,3,4.0,2,1.0,9.0,2,7.1,82,2,Medium
EMP0907,45,Male,R&D,Junior,13,18,40702,40.0,27,6,1.0,4,2.0,0.0,3,3.9,38,2,Medium
EMP0908,36,Male,HR,Mid,18,26,58428,61.0,22,9,3.0,4,3.0,3.0,1,9.8,54,3,High
EMP0909,50,Male,IT,Junior,4,8,45385,92.0,10,18,5.0,4,5.0,2.0,1,8.7,76,3,High
EMP0910,29,Male,Sales,Senior,17,20,89336,57.0,29,3,1.0,3,1.0,4.0,2,3.8,15,2,Medium
EMP0911,26,Female,IT,Manager,19,26,185421,13.0,26,1,,3,3.0,11.0,1,3.9,92,1,Low
EMP0912,50,Male,IT,Junior,11,19,33253,35.0,27,17,3.0,4,5.0,24.0,3,7.2,50,2,Medium
EMP0913,25,Female,Marketing,Senior,16,19,83782,35.0,12,13,1.0,5,,11.0,2,5.4,56,2,Medium
EMP0914,33,Female,IT,Senior,12,14,103341,78.0,14,15,2.0,3,3.0,12.0,2,3.2,95,2,Medium
EMP0915,23,Female,R&D,Mid,1,8,67150,7.0,9,10,1.0,2,3.0,23.0,3,6.8,9,1,Low
EMP0916,48,Female,R&D,Mid,12,16,69065,25.0,27,9,4.0,3,3.0,11.0,0,5.7,8,2,Medium
EMP0917,52,Male,Finance,Mid,6,7,74094,35.0,13,16,3.0,5,4.0,24.0,2,3.7,19,1,Low
EMP0918,57,Female,R&D,Junior,9,18,46343,47.0,3,13,4.0,1,4.0,15.0,0,8.6,51,3,High
EMP0919,57,Male,Marketing,Junior,5,13,49049,,21,3,,3,3.0,12.0,3,9.4,72,3,High
EMP0920,47,Male,HR,Junior,2,4,39951,27.0,29,18,4.0,4,2.0,4.0,3,8.3,98,3,High
EMP0921,48,Female,Sales,Mid,2,3,66269,67.0,14,1,2.0,4,1.0,23.0,2,8.8,57,2,Medium
EMP0922,26,Female,HR,Junior,17,17,44567,61.0,21,6,2.0,4,4.0,3.0,1,4.5,68,3,High
EMP0923,41,Female,Finance,Lead,10,17,144451,79.0,10,8,4.0,1,2.0,20.0,2,4.8,31,2,Medium
EMP0924,32,Male,Operations,Mid,19,21,77391,85.0,16,18,5.0,5,4.0,,1,4.5,3,3,High
EMP0925,31,Male,HR,Senior,4,10,83513,75.0,7,15,1.0,2,3.0,11.0,0,8.4,99,2,Medium
EMP0926,59,Female,Operations,Mid,18,18,66879,79.0,4,15,2.0,5,2.0,18.0,1,9.6,83,2,Medium
EMP0927,27,Male,Finance,Mid,18,18,63335,50.0,27,17,4.0,1,5.0,20.0,2,8.0,43,3,High
EMP0928,29,Female,Sales,Manager,14,22,164140,41.0,20,10,4.0,4,1.0,27.0,1,9.2,29,2,Medium
EMP0929,44,Female,R&D,Junior,15,22,35822,,23,6,4.0,5,1.0,18.0,3,7.5,10,2,Medium
EMP0930,47,Male,HR,Junior,8,10,44837,81.0,25,8,1.0,2,,20.0,0,5.7,12,2,Medium
EMP0931,33,Male,IT,Senior,3,8,92122,9.0,11,3,3.0,4,1.0,10.0,3,6.0,46,2,Medium
EMP0932,47,Male,Finance,Junior,14,16,32072,38.0,16,12,5.0,2,5.0,,3,3.5,30,2,Medium
EMP0933,34,Male,Sales,Junior,11,14,38529,81.0,20,3,3.0,3,2.0,20.0,3,3.2,94,1,Low
EMP0934,39,Female,Finance,Mid,2,2,70333,0.0,4,18,5.0,2,2.0,5.0,3,7.9,82,2,Medium
EMP0935,46,Male,HR,Junior,13,17,48939,38.0,22,1,5.0,4,,8.0,1,6.1,88,2,Medium
EMP0936,54,Female,IT,Mid,16,16,72754,20.0,22,8,4.0,3,2.0,0.0,3,6.9,32,3,High
EMP0937,33,Male,R&D,Junior,18,18,35959,64.0,23,11,2.0,4,4.0,11.0,1,6.9,73,2,Medium
EMP0938,57,Other,HR,Lead,5,14,109107,14.0,17,1,4.0,4,5.0,25.0,3,4.9,47,2,Medium
EMP0939,25,Male,IT,Senior,3,9,85993,3.0,13,5,1.0,3,3.0,13.0,2,6.3,88,1,Low
EMP0940,26,Male,HR,Senior,6,11,110805,59.0,11,4,5.0,2,4.0,5.0,3,6.3,63,3,High
EMP0941,58,Male,Operations,Senior,18,19,108114,60.0,3,4,2.0,1,4.0,0.0,2,5.7,26,2,Medium
EMP0942,29,Female,Sales,Lead,16,17,137789,19.0,9,19,5.0,1,4.0,21.0,1,8.7,3,2,Medium
EMP0943,49,Female,IT,Junior,15,21,49291,9.0,6,4,5.0,1,1.0,1.0,0,6.2,23,2,Medium
EMP0944,52,Female,Sales,Lead,14,14,146314,86.0,22,3,4.0,1,4.0,23.0,1,7.2,75,2,Medium
EMP0945,30,Male,Sales,Senior,7,8,96138,33.0,21,8,,5,1.0,10.0,0,9.3,74,2,Medium
EMP0946,50,Male,Operations,Senior,18,25,89190,47.0,11,9,2.0,1,2.0,2.0,0,9.1,50,2,Medium
EMP0947,35,Male,Marketing,Mid,7,12,76723,32.0,16,15,5.0,3,1.0,9.0,3,9.2,36,3,High
EMP0948,43,Male,IT,Junior,17,18,42886,97.0,19,9,2.0,1,4.0,,0,4.9,13,2,Medium
EMP0949,32,Male,Finance,Mid,15,21,72930,60.0,27,9,2.0,4,5.0,5.0,1,3.2,29,2,Medium
EMP0950,44,Other,IT,Senior,19,22,96779,9.0,5,18,4.0,1,5.0,5.0,3,4.8,38,3,High
EMP0951,22,Female,R&D,Junior,18,19,47322,53.0,14,9,,2,2.0,19.0,0,5.0,77,1,Low
EMP0952,58,Female,R&D,Senior,9,14,115278,83.0,17,5,1.0,3,4.0,20.0,1,9.4,90,3,High
EMP0953,42,Female,IT,Junior,16,24,48033,64.0,3,16,3.0,3,1.0,1.0,0,7.5,84,2,Medium
EMP0954,47,Male,Operations,Junior,12,20,33435,76.0,4,4,,5,,25.0,0,3.6,5,1,Low
EMP0955,57,Male,Marketing,Junior,12,19,33201,0.0,16,5,5.0,4,3.0,25.0,3,3.9,20,2,Medium
EMP0956,44,Female,IT,Junior,6,8,45153,4.0,16,14,,3,4.0,23.0,3,4.1,78,1,Low
EMP0957,22,Female,IT,Mid,9,11,69621,79.0,21,18,1.0,2,4.0,9.0,1,7.4,14,3,High
EMP0958,36,Male,HR,Junior,1,2,30058,14.0,26,17,5.0,1,3.0,22.0,3,8.1,8,3,High
EMP0959,42,Male,Marketing,Manager,3,7,150297,27.0,25,3,1.0,3,5.0,25.0,3,9.0,48,2,Medium
EMP0960,30,Male,R&D,Mid,5,8,61122,94.0,4,7,5.0,2,3.0,5.0,2,9.6,13,3,High
EMP0961,30,Male,Marketing,Junior,17,23,32971,22.0,19,15,1.0,1,2.0,22.0,2,4.4,24,1,Low
EMP0962,31,Female,Operations,Senior,5,8,89719,16.0,26,18,3.0,5,,27.0,1,5.2,79,1,Low
EMP0963,47,Female,Finance,Lead,16,24,114017,97.0,17,19,1.0,3,1.0,16.0,3,4.7,65,2,Medium
EMP0964,56,Male,Operations,Senior,13,14,88314,12.0,13,2,4.0,3,5.0,29.0,1,5.5,86,2,Medium
EMP0965,46,Female,Marketing,Junior,10,15,39628,13.0,26,9,5.0,2,3.0,13.0,2,9.4,34,3,High
EMP0966,47,Female,IT,Lead,18,24,142122,10.0,22,1,1.0,4,4.0,4.0,2,7.0,51,2,Medium
EMP0967,32,Male,Finance,Senior,1,4,91492,,23,3,5.0,5,4.0,22.0,2,8.2,3,2,Medium
EMP0968,59,Male,Operations,Junior,2,7,33345,41.0,26,5,4.0,4,4.0,16.0,1,6.4,90,2,Medium
EMP0969,23,Male,Sales,Junior,10,16,48870,95.0,24,10,1.0,3,2.0,1.0,3,3.2,78,2,Medium
EMP0970,28,Male,Operations,Mid,5,8,65357,98.0,28,13,1.0,4,2.0,8.0,0,3.4,58,2,Medium
EMP0971,39,Female,Sales,Junior,13,20,30561,60.0,1,15,4.0,1,4.0,11.0,3,6.8,72,2,Medium
EMP0972,48,Male,HR,Lead,18,26,120365,63.0,12,18,4.0,5,5.0,18.0,1,8.0,55,3,High
EMP0973,55,Female,Operations,Mid,15,15,56261,30.0,4,1,4.0,4,2.0,21.0,2,4.5,80,1,Low
EMP0974,48,Male,IT,Lead,6,12,101737,80.0,11,16,5.0,1,2.0,6.0,0,8.1,42,3,High
EMP0975,38,Male,IT,Mid,7,15,59096,72.0,5,8,4.0,2,1.0,8.0,1,8.7,21,3,High
EMP0976,45,Male,IT,Junior,18,27,49938,9.0,2,16,5.0,4,1.0,20.0,2,5.9,10,2,Medium
EMP0977,46,Male,Operations,Junior,19,23,42682,7.0,17,14,3.0,5,5.0,15.0,1,8.2,57,3,High
EMP0978,28,Male,Sales,Mid,15,16,76302,20.0,8,6,1.0,1,2.0,19.0,0,5.8,25,1,Low
EMP0979,27,Female,Operations,Senior,6,15,107499,76.0,6,18,1.0,4,2.0,10.0,2,7.7,56,2,Medium
EMP0980,45,Female,Sales,Senior,8,13,80294,58.0,21,2,2.0,2,3.0,11.0,3,8.3,38,2,Medium
EMP0981,54,Female,R&D,Junior,12,18,41434,49.0,29,0,3.0,4,5.0,14.0,1,9.9,86,3,High
EMP0982,50,Male,R&D,Junior,0,1,35330,68.0,9,3,4.0,1,5.0,,0,5.4,61,2,Medium
EMP0983,43,Male,HR,Junior,7,8,34655,69.0,13,17,4.0,4,3.0,18.0,3,5.9,47,3,High
EMP0984,47,Male,HR,Senior,3,12,97493,29.0,11,7,3.0,5,3.0,15.0,0,4.2,54,2,Medium
EMP0985,49,Female,HR,Junior,2,11,43460,94.0,29,18,4.0,3,1.0,14.0,1,4.4,46,3,High
EMP0986,42,Male,Finance,Mid,2,2,53771,16.0,16,5,2.0,1,5.0,4.0,0,7.9,68,2,Medium
EMP0987,28,Male,Sales,Senior,12,15,88563,74.0,16,0,5.0,1,5.0,10.0,2,9.4,4,3,High
EMP0988,38,Female,Sales,Manager,7,13,176799,19.0,27,7,1.0,1,3.0,14.0,0,5.8,94,2,Medium
EMP0989,41,Male,Sales,Mid,6,14,79489,47.0,2,0,3.0,1,4.0,28.0,1,4.3,66,1,Low
EMP0990,41,Male,IT,Junior,0,2,47558,72.0,10,18,1.0,4,4.0,17.0,2,5.0,93,2,Medium
EMP0991,43,Male,IT,Senior,15,21,113932,1.0,12,10,5.0,5,1.0,,0,6.2,43,2,Medium
EMP0992,49,Female,Finance,Senior,5,11,106567,36.0,8,14,,2,4.0,3.0,0,5.0,62,2,Medium
EMP0993,28,Female,R&D,Mid,6,12,75096,0.0,11,10,5.0,5,4.0,16.0,2,4.6,85,2,Medium
EMP0994,22,Male,IT,Manager,11,12,152376,3.0,10,18,4.0,1,4.0,3.0,3,8.2,85,3,High
EMP0995,53,Male,Finance,Lead,8,13,121922,,13,9,4.0,4,2.0,15.0,3,3.1,85,2,Medium
EMP0996,34,Other,IT,Junior,10,11,42388,53.0,25,11,4.0,4,1.0,22.0,2,6.8,4,2,Medium
EMP0997,51,Female,Operations,Junior,9,14,43969,24.0,17,0,5.0,1,3.0,14.0,0,8.6,65,3,High
EMP0998,44,Male,Operations,Mid,0,9,73495,2.0,7,6,5.0,4,4.0,13.0,3,4.9,62,2,Medium
EMP0999,40,Female,Operations,Senior,17,19,88434,8.0,24,16,5.0,1,2.0,11.0,2,7.2,90,3,High
EMP1000,53,Male,R&D,Junior,3,4,49184,85.0,3,9,1.0,5,4.0,2.0,1,7.7,2,2,Medium
